Age,BIO_ExtinctionIntensity (%),BIO_OriginationIntensity(%),BIO_Difference_Cubic,SEA_Modern land sea level,TEM_GAT,TEM_dT,CO2_pCO2 (ppm),O2_Mid O2%,O2_Range_Normalized,SR_Mean,SR_Range_Normalized,LIP_LIP_PDF,MAG_INT_mean,MAG_INT_std,MAG_POL_FREQUENCY,MAG_POL_FREQUENCY.3,ZIR_Count_PDF_d18O,ZIR_Interpolated_mean_d18O,ZIR_Count_PDF_Hf,ZIR_Interpolated_mean_Hf
23.05,0.011038009,0.214145563,0.772228791,0.014239028,0.168894259,0.590290715,0.033983711,0.026522313,0.348774921,0.608501363,0.077380789,0.366,0.234641876,0.284930672,0.184090909,0.2385,0.12987013,0.797916667,0.011764706,0.808695652
23,0.011131201,0.206236873,0.779781259,0.014322808,0.164847407,0.595995068,0.034065156,0.027092112,0.349352542,0.609733426,0.079346048,0.36,0.231803259,0.278974063,0.181818182,0.24,0.12987013,0.797916667,0.011764706,0.808695652
22.95,0.011131201,0.206236873,0.778209676,0.014406588,0.169660163,0.589801487,0.034146601,0.027729223,0.349954787,0.610951327,0.078846945,0.354,0.229135465,0.274439158,0.181818182,0.2415,0.0995671,0.846904537,0,0.704347826
22.9,0.011131201,0.206236873,0.776638092,0.014490368,0.174472919,0.583607905,0.034228045,0.028366333,0.350557032,0.612169229,0.078347842,0.348,0.22646767,0.269904252,0.181818182,0.243,0.0995671,0.846904537,0,0.704347826
22.85,0.011131201,0.206236873,0.775066509,0.014574148,0.179285675,0.577414324,0.03430949,0.029003444,0.351159276,0.61338713,0.077848739,0.342,0.223799876,0.265369347,0.181818182,0.2445,0.0995671,0.846904537,0,0.704347826
22.8,0.011131201,0.206236873,0.773494926,0.014657928,0.18409843,0.571220743,0.034390935,0.029640555,0.351761521,0.614619193,0.077966744,0.336,0.221509956,0.262951374,0.181818182,0.246,0.0995671,0.846904537,0,0.704347826
22.75,0.011131201,0.206236873,0.771923342,0.014741708,0.188911186,0.565027162,0.03447238,0.030277665,0.352363766,0.615851256,0.078084749,0.33,0.219298707,0.261617736,0.181818182,0.2475,0.0995671,0.846904537,0,0.704347826
22.7,0.011131201,0.206236873,0.770351759,0.014825488,0.193723942,0.558833581,0.034553824,0.030914776,0.35296601,0.617097481,0.079435613,0.324,0.21748664,0.261628374,0.181818182,0.249,0.0995671,0.846904537,0,0.704347826
22.65,0.011131201,0.206236873,0.768780175,0.014909268,0.198536698,0.55264,0.034635269,0.031551887,0.353568255,0.618343705,0.080786477,0.318,0.215674574,0.261639011,0.181818182,0.2505,0.0995671,0.846904537,0,0.704347826
22.6,0.011131201,0.206236873,0.767208592,0.014993048,0.203349454,0.546446419,0.034716714,0.032188997,0.354170499,0.61958993,0.082137341,0.312,0.213862507,0.261649649,0.181818182,0.252,0.0995671,0.846904537,0,0.704347826
22.55,0.011131201,0.206236873,0.765637009,0.015076828,0.20816221,0.540252837,0.034798159,0.032826108,0.354772744,0.620821993,0.082255346,0.306,0.212768869,0.262315641,0.181818182,0.2535,0.0995671,0.846904537,0,0.704347826
22.5,0.011131201,0.206236873,0.764065425,0.015160608,0.212974966,0.534059256,0.034879603,0.033463219,0.355374989,0.622054056,0.084224675,0.3,0.21191204,0.265630332,0.181818182,0.255,0.0995671,0.846904537,0,0.704347826
22.45,0.011131201,0.206236873,0.762493842,0.015244388,0.217787721,0.527865675,0.034961048,0.034100329,0.355977233,0.623314442,0.085578252,0.294,0.211552125,0.269177656,0.181818182,0.2565,0.0995671,0.846904537,0,0.704347826
22.4,0.011131201,0.206236873,0.760922258,0.015328168,0.222600477,0.521672094,0.035042493,0.03473744,0.356579478,0.624574829,0.086931829,0.288,0.211192211,0.272724979,0.181818182,0.258,0.0995671,0.846904537,0,0.704347826
22.35,0.011131201,0.206236873,0.759350675,0.015411948,0.227413233,0.515478513,0.035123938,0.03537455,0.357181722,0.625835215,0.088285406,0.282,0.210832296,0.276272303,0.181818182,0.2595,0.0995671,0.846904537,0,0.704347826
22.3,0.011131201,0.206236873,0.757779092,0.015495728,0.232225989,0.509284932,0.035205382,0.036011661,0.357783967,0.627109763,0.092106059,0.276,0.211101597,0.280221851,0.181818182,0.261,0.0995671,0.846904537,0,0.704347826
22.25,0.011131201,0.206236873,0.756207508,0.015579508,0.237038745,0.503091351,0.035286827,0.036648772,0.358386212,0.628384311,0.094075387,0.27,0.211590012,0.28525551,0.181818182,0.2625,0.0995671,0.846904537,0,0.704347826
22.2,0.011131201,0.206236873,0.754635925,0.015663288,0.241851501,0.496897769,0.035368272,0.037285882,0.358988456,0.629658859,0.095431677,0.264,0.212288074,0.287141197,0.181818182,0.264,0.0995671,0.846904537,0,0.704347826
22.15,0.011131201,0.206236873,0.753064341,0.015747068,0.246664257,0.490704188,0.035449717,0.037922993,0.359590701,0.630933406,0.096787967,0.258,0.212986135,0.289026883,0.181818182,0.2655,0.0995671,0.846904537,0,0.704347826
22.1,0.011131201,0.206236873,0.751492758,0.015830848,0.251477012,0.484510607,0.035531161,0.038560104,0.360192946,0.632207954,0.098144257,0.252,0.213684197,0.29091257,0.181818182,0.267,0.0995671,0.846904537,0,0.704347826
22.05,0.011131201,0.206236873,0.749921174,0.015914628,0.256289768,0.478317026,0.035612606,0.039197214,0.36079519,0.633482502,0.098266331,0.246,0.214908247,0.295336727,0.181818182,0.2685,0.0995671,0.846904537,0,0.704347826
22,0.011131201,0.206236873,0.748349591,0.015998408,0.261102524,0.472123445,0.035694051,0.039834325,0.361397435,0.634799535,0.100239728,0.24,0.216157509,0.300841185,0.181818182,0.27,0.0995671,0.846904537,0,0.704347826
21.95,0.011131201,0.206236873,0.746763228,0.016082188,0.257065,0.477677008,0.035775496,0.040125231,0.361991916,0.636102406,0.100981623,0.234,0.216936484,0.304994859,0.193181818,0.2725,0.095238095,0.846417984,0.011764706,0.704347826
21.9,0.011131201,0.206236873,0.745176865,0.016165968,0.253027477,0.483230572,0.035856941,0.040416138,0.362586396,0.637405278,0.101723518,0.228,0.217715458,0.309148534,0.204545455,0.275,0.095238095,0.846417984,0.011764706,0.704347826
21.85,0.011131201,0.206236873,0.743590502,0.016249748,0.248989953,0.488784135,0.035938385,0.040707044,0.363180877,0.638708149,0.102465412,0.222,0.218494433,0.313302208,0.215909091,0.2775,0.095238095,0.846417984,0.011764706,0.704347826
21.8,0.011131201,0.206236873,0.742004138,0.016333528,0.244952429,0.494337698,0.03601983,0.040997951,0.363775358,0.640025182,0.102591556,0.216,0.218595824,0.318236783,0.227272727,0.28,0.095238095,0.846417984,0.011764706,0.704347826
21.75,0.011131201,0.206236873,0.740417775,0.016417308,0.240914905,0.499891262,0.036101275,0.041288857,0.364369838,0.641342215,0.102717699,0.21,0.218116684,0.32033694,0.238636364,0.2825,0.095238095,0.846417984,0.011764706,0.704347826
21.7,0.011131201,0.206236873,0.738831412,0.016501088,0.236877382,0.505444825,0.03618272,0.041579763,0.364964319,0.642673409,0.10222809,0.204,0.216909592,0.321278817,0.25,0.285,0.095238095,0.846417984,0.011764706,0.704347826
21.65,0.011131201,0.206236873,0.737245049,0.016584868,0.232839858,0.510998389,0.036264164,0.04187067,0.3655588,0.644004604,0.101738482,0.198,0.215702499,0.322220694,0.261363636,0.2875,0.095238095,0.846417984,0.011764706,0.704347826
21.6,0.011131201,0.206236873,0.735658686,0.016668648,0.228802334,0.516551952,0.036345609,0.042161576,0.366153281,0.645335798,0.101248873,0.192,0.214495407,0.323162572,0.272727273,0.29,0.095238095,0.846417984,0.011764706,0.704347826
21.55,0.011131201,0.206236873,0.734072322,0.016752427,0.22476481,0.522105515,0.036427054,0.042452483,0.366747761,0.646695316,0.099527762,0.186,0.212338919,0.323729932,0.284090909,0.2925,0.095238095,0.846417984,0.011764706,0.704347826
21.5,0.011131201,0.206236873,0.732485959,0.016836207,0.220727287,0.527659079,0.036508499,0.042743389,0.367342242,0.648012349,0.09780665,0.18,0.210022083,0.325653073,0.295454545,0.295,0.095238095,0.846417984,0.011764706,0.704347826
21.45,0.011131201,0.206236873,0.730899596,0.016919987,0.216689763,0.533212642,0.036589943,0.043034295,0.367936723,0.649371866,0.096704003,0.174,0.206726813,0.327471561,0.306818182,0.2975,0.095238095,0.846417984,0.011764706,0.704347826
21.4,0.011131201,0.206236873,0.729313233,0.017003767,0.212652239,0.538766206,0.036671388,0.043325202,0.368531204,0.650731384,0.095601356,0.168,0.203431544,0.329290049,0.318181818,0.3,0.095238095,0.846417984,0.011764706,0.704347826
21.35,0.011131201,0.206236873,0.72772687,0.017087547,0.208614716,0.544319769,0.036752833,0.043616108,0.369125684,0.652090902,0.094498709,0.162,0.200136275,0.331108537,0.329545455,0.3025,0.095238095,0.846417984,0.011764706,0.704347826
21.3,0.011131201,0.206236873,0.726140506,0.017171327,0.204577192,0.549873332,0.036834278,0.043907015,0.369720165,0.65345042,0.092777597,0.156,0.195785647,0.332118919,0.340909091,0.305,0.095238095,0.846417984,0.011764706,0.704347826
21.25,0.011131201,0.206236873,0.724554143,0.017255107,0.200539668,0.555426896,0.036915722,0.044197921,0.370314646,0.654809938,0.091060555,0.15,0.190961769,0.334697188,0.352272727,0.3075,0.095238095,0.846417984,0.011764706,0.704347826
21.2,0.011131201,0.206236873,0.72296778,0.017338887,0.196502144,0.560980459,0.036997167,0.044488828,0.370909127,0.656183617,0.089959264,0.144,0.185086259,0.333801016,0.363636364,0.31,0.095238095,0.846417984,0.011764706,0.704347826
21.15,0.011131201,0.206236873,0.721381417,0.017422667,0.192464621,0.566534022,0.037078612,0.044779734,0.371503607,0.657557296,0.088857973,0.138,0.179210748,0.332904845,0.375,0.3125,0.095238095,0.846417984,0.011764706,0.704347826
21.1,0.011131201,0.206236873,0.719795054,0.017506447,0.188427097,0.572087586,0.037160057,0.04507064,0.372098088,0.658930976,0.087756682,0.132,0.173335238,0.332008673,0.386363636,0.315,0.095238095,0.846417984,0.011764706,0.704347826
21.05,0.011131201,0.206236873,0.718208691,0.017590227,0.184389573,0.577641149,0.037241501,0.045361547,0.372692569,0.660332979,0.08603964,0.126,0.167002001,0.327036201,0.397727273,0.3175,0.095238095,0.846417984,0.011764706,0.704347826
21,0.011131201,0.206236873,0.716622327,0.017674007,0.180352049,0.583194713,0.037322946,0.045652453,0.373287049,0.661692496,0.086173921,0.12,0.160682429,0.322886562,0.409090909,0.32,0.095238095,0.846417984,0.011764706,0.704347826
20.95,0.011461951,0.210084862,0.727731796,0.017757787,0.180273979,0.58353702,0.037404391,0.045667953,0.37383809,0.663094499,0.085691095,0.114,0.15535276,0.318209909,0.397727273,0.3205,0.004329004,0.902173913,0.011764706,0.704347826
20.9,0.011792701,0.213932851,0.738841265,0.017841567,0.180195908,0.583879327,0.037485836,0.045683452,0.374389131,0.664496502,0.085208268,0.108,0.15002309,0.313533257,0.386363636,0.321,0.004329004,0.902173913,0.011764706,0.704347826
20.85,0.012123451,0.21778084,0.749950734,0.017925347,0.180117837,0.584221635,0.03756728,0.045698952,0.374940171,0.665898504,0.084725442,0.102,0.144693421,0.308856604,0.375,0.3215,0.004329004,0.902173913,0.011764706,0.704347826
20.8,0.012454201,0.221628829,0.761060203,0.018009127,0.180039766,0.584563942,0.037648725,0.045714451,0.375491212,0.667300507,0.083008399,0.096,0.140730391,0.303587034,0.363636364,0.322,0.004329004,0.902173913,0.011764706,0.704347826
20.75,0.012784951,0.225476818,0.772169672,0.018092907,0.179961696,0.584906249,0.03773017,0.045729951,0.376042252,0.66870251,0.081295426,0.09,0.137741159,0.301643318,0.352272727,0.3225,0.004329004,0.902173913,0.011764706,0.704347826
20.7,0.013115701,0.229324807,0.783279141,0.018176687,0.179883625,0.585248557,0.037811615,0.04574545,0.376593293,0.670118674,0.081431064,0.084,0.136703985,0.300980867,0.340909091,0.323,0.004329004,0.902173913,0.011764706,0.704347826
20.65,0.013446451,0.233172796,0.79438861,0.018260467,0.179805554,0.585590864,0.037893059,0.04576095,0.377144334,0.671534839,0.081566702,0.078,0.135666811,0.300318417,0.329545455,0.3235,0.004329004,0.902173913,0.011764706,0.704347826
20.6,0.013777201,0.237020785,0.805498079,0.018344247,0.179727484,0.585933171,0.037974504,0.04577645,0.377695374,0.672951003,0.081702339,0.072,0.134629638,0.299655966,0.318181818,0.324,0.004329004,0.902173913,0.011764706,0.704347826
20.55,0.014107951,0.240868774,0.816607548,0.018428027,0.179649413,0.586275479,0.038055949,0.045791949,0.378246415,0.674395491,0.083687944,0.066,0.135180183,0.30007749,0.306818182,0.3245,0.004329004,0.902173913,0.011764706,0.704347826
20.5,0.014438701,0.244716763,0.827717016,0.018511807,0.179571342,0.586617786,0.038137394,0.045807449,0.378797455,0.675797493,0.083826295,0.06,0.136563281,0.303507043,0.295454545,0.325,0.004329004,0.902173913,0.011764706,0.704347826
20.45,0.014769451,0.248564752,0.838826485,0.018595587,0.179493271,0.586960093,0.038218839,0.045822948,0.379348496,0.677241981,0.084580397,0.054,0.138435233,0.307834479,0.284090909,0.3255,0.004329004,0.902173913,0.011764706,0.704347826
20.4,0.015100201,0.252412741,0.849935954,0.018679367,0.179415201,0.587302401,0.038300283,0.045838448,0.379899537,0.678686469,0.085334499,0.048,0.140307185,0.312161915,0.272727273,0.326,0.004329004,0.902173913,0.011764706,0.704347826
20.35,0.015430951,0.25626073,0.861045423,0.018763147,0.17933713,0.587644708,0.038381728,0.045853947,0.380450577,0.680130956,0.086088601,0.042,0.142179137,0.316489352,0.261363636,0.3265,0.004329004,0.902173913,0.011764706,0.704347826
20.3,0.015761701,0.260108719,0.872154892,0.018846927,0.179259059,0.587987015,0.038463173,0.045869447,0.381001618,0.681575444,0.086226952,0.036,0.143938572,0.321531055,0.25,0.327,0.004329004,0.902173913,0.011764706,0.704347826
20.25,0.016092451,0.263956708,0.883264361,0.018930707,0.179180988,0.588329323,0.038544618,0.045884946,0.381552658,0.683019932,0.088216626,0.03,0.145664355,0.327812055,0.238636364,0.3275,0.004329004,0.902173913,0.011764706,0.704347826
20.2,0.016423201,0.267804697,0.89437383,0.019014487,0.179102918,0.58867163,0.038626062,0.045900446,0.382103699,0.684478581,0.088972084,0.024,0.146422398,0.329661963,0.227272727,0.328,0.004329004,0.902173913,0.011764706,0.704347826
20.15,0.016753951,0.271652687,0.905483299,0.019098267,0.179024847,0.589013937,0.038707507,0.045915946,0.38265474,0.68593723,0.089727543,0.018,0.147180441,0.331511872,0.215909091,0.3285,0.004329004,0.902173913,0.011764706,0.704347826
20.1,0.017084701,0.275500676,0.916592768,0.019182047,0.178946776,0.589356245,0.038788952,0.045931445,0.38320578,0.687395879,0.090483001,0.012,0.147938484,0.33336178,0.204545455,0.329,0.004329004,0.902173913,0.011764706,0.704347826
20.05,0.017415451,0.279348665,0.927702237,0.019265827,0.178868706,0.589698552,0.038870397,0.045946945,0.383756821,0.688882852,0.092472676,0.006,0.147966745,0.333191351,0.193181818,0.3295,0.004329004,0.902173913,0.011764706,0.704347826
20,0.017746201,0.283196654,0.938811706,0.019349607,0.178790635,0.590040859,0.038951841,0.045962444,0.384307861,0.69032734,0.092615095,0,0.147820791,0.331511516,0.181818182,0.33,0.004329004,0.902173913,0.011764706,0.704347826
19.95,0.017746201,0.283196654,0.937205636,0.019252859,0.17904095,0.590014225,0.039054533,0.045870184,0.384778692,0.691814312,0.093373266,0.004,0.147226224,0.331621108,0.175,0.3295,0,0.63068631,0.035294118,0.631884058
19.9,0.017746201,0.283196654,0.935599566,0.019156111,0.179291266,0.58998759,0.039157224,0.045777924,0.385249523,0.693301285,0.094131438,0.008,0.146631657,0.331730701,0.168181818,0.329,0,0.63068631,0.035294118,0.631884058
19.85,0.017746201,0.283196654,0.933993497,0.019059363,0.179541581,0.589960955,0.039259915,0.045685664,0.385720354,0.694788257,0.094889609,0.012,0.146037091,0.331840293,0.161363636,0.3285,0,0.63068631,0.035294118,0.631884058
19.8,0.017746201,0.283196654,0.932387427,0.018962615,0.179791896,0.58993432,0.039362606,0.045593404,0.386191185,0.69627523,0.096879283,0.016,0.14482438,0.330777559,0.154545455,0.328,0,0.63068631,0.035294118,0.631884058
19.75,0.017746201,0.283196654,0.930781358,0.018865867,0.180042212,0.589907685,0.039465297,0.045501145,0.386662016,0.697762203,0.097021703,0.02,0.143786237,0.330361893,0.147727273,0.3275,0,0.63068631,0.035294118,0.631884058
19.7,0.017746201,0.283196654,0.929175288,0.018769119,0.180292527,0.589881051,0.039567989,0.045408885,0.387132847,0.699263337,0.097165479,0.024,0.142752108,0.32943819,0.140909091,0.327,0,0.63068631,0.035294118,0.631884058
19.65,0.017746201,0.283196654,0.927569219,0.018672371,0.180542843,0.589854416,0.03967068,0.045316625,0.387603678,0.700764471,0.097309255,0.028,0.141717979,0.328514488,0.134090909,0.3265,0,0.63068631,0.035294118,0.631884058
19.6,0.017746201,0.283196654,0.925963149,0.018575623,0.180793158,0.589827781,0.039773371,0.045224365,0.388074508,0.702265605,0.097453031,0.032,0.14068385,0.327590786,0.127272727,0.326,0,0.63068631,0.035294118,0.631884058
19.55,0.017746201,0.283196654,0.92435708,0.018478875,0.181043473,0.589801146,0.039876062,0.045132105,0.388545339,0.703752578,0.095748196,0.036,0.139844055,0.32922946,0.120454545,0.3255,0,0.63068631,0.035294118,0.631884058
19.5,0.017746201,0.283196654,0.92275101,0.018382126,0.181293789,0.589774512,0.039978754,0.045039845,0.38901617,0.705282035,0.095894685,0.04,0.13889918,0.328944985,0.113636364,0.325,0,0.63068631,0.035294118,0.631884058
19.45,0.017746201,0.283196654,0.92114494,0.018285378,0.181544104,0.589747877,0.040081445,0.044947585,0.389487001,0.706797331,0.094806957,0.044,0.137706955,0.328142263,0.106818182,0.3245,0,0.63068631,0.035294118,0.631884058
19.4,0.017746201,0.283196654,0.919538871,0.01818863,0.18179442,0.589721242,0.040184136,0.044855325,0.389957832,0.708312627,0.09371923,0.048,0.136514731,0.32733954,0.1,0.324,0,0.63068631,0.035294118,0.631884058
19.35,0.017746201,0.283196654,0.917932801,0.018091882,0.182044735,0.589694607,0.040286827,0.044763065,0.390428663,0.709827923,0.092631503,0.052,0.135322507,0.326536818,0.093181818,0.3235,0,0.63068631,0.035294118,0.631884058
19.3,0.017746201,0.283196654,0.916326732,0.017995134,0.18229505,0.589667973,0.040389518,0.044670805,0.390899494,0.71135738,0.090930737,0.056,0.134314974,0.325843618,0.086363636,0.323,0,0.63068631,0.035294118,0.631884058
19.25,0.017746201,0.283196654,0.914720662,0.017898386,0.182545366,0.589641338,0.04049221,0.044578545,0.391370325,0.712929323,0.087378648,0.06,0.133199598,0.324533465,0.079545455,0.3225,0,0.63068631,0.035294118,0.631884058
19.2,0.017746201,0.283196654,0.913114593,0.017801638,0.182795681,0.589614703,0.040594901,0.044486285,0.391841156,0.714472942,0.086910741,0.064,0.131955891,0.323602293,0.072727273,0.322,0,0.63068631,0.035294118,0.631884058
19.15,0.017746201,0.283196654,0.911508523,0.01770489,0.183045996,0.589588068,0.040697592,0.044394025,0.392311986,0.716016561,0.086442835,0.068,0.130712183,0.322671121,0.065909091,0.3215,0,0.63068631,0.035294118,0.631884058
19.1,0.017746201,0.283196654,0.909902453,0.017608142,0.183296312,0.589561433,0.040800283,0.044301765,0.392782817,0.71756018,0.085974929,0.072,0.129468476,0.321739949,0.059090909,0.321,0,0.63068631,0.035294118,0.631884058
19.05,0.017746201,0.283196654,0.908296384,0.017511394,0.183546627,0.589534799,0.040902975,0.044209505,0.393253648,0.719089638,0.086121418,0.076,0.127957717,0.320767448,0.052272727,0.3205,0,0.63068631,0.035294118,0.631884058
19,0.017746201,0.283196654,0.906690314,0.017414646,0.183796943,0.589508164,0.041005666,0.044117246,0.393724479,0.72066158,0.084420652,0.08,0.126541213,0.320430475,0.045454545,0.32,0,0.63068631,0.035294118,0.631884058
18.95,0.017746201,0.283196654,0.905064538,0.017317898,0.183646273,0.59004479,0.041108357,0.044257177,0.394081019,0.722191038,0.08457121,0.084,0.125045139,0.318885539,0.05,0.321,0,0.63068631,0.058823529,0.6
18.9,0.017746201,0.283196654,0.903438762,0.01722115,0.183495603,0.590581417,0.041211048,0.044397109,0.394437559,0.72376298,0.084719733,0.088,0.1238409,0.31823049,0.054545455,0.322,0,0.63068631,0.058823529,0.6
18.85,0.017746201,0.283196654,0.901812987,0.017124402,0.183344933,0.591118043,0.041313739,0.044537041,0.394794099,0.725334923,0.084868256,0.092,0.122636661,0.317575442,0.059090909,0.323,0,0.63068631,0.058823529,0.6
18.8,0.017746201,0.283196654,0.900187211,0.017027654,0.183194263,0.591654669,0.041416431,0.044676973,0.395150639,0.726906865,0.085018814,0.096,0.121719971,0.317382002,0.063636364,0.324,0,0.63068631,0.058823529,0.6
18.75,0.017746201,0.283196654,0.898561435,0.016930906,0.183043594,0.592191296,0.041519122,0.044816905,0.395507179,0.728436323,0.085169372,0.1,0.120961575,0.316875171,0.068181818,0.325,0,0.63068631,0.058823529,0.6
18.7,0.017746201,0.283196654,0.896935659,0.016834158,0.182892924,0.592727922,0.041621813,0.044956836,0.395863719,0.730008265,0.08531993,0.104,0.120856531,0.317127715,0.072727273,0.326,0,0.63068631,0.058823529,0.6
18.65,0.017746201,0.283196654,0.895309883,0.01673741,0.182742254,0.593264549,0.041724504,0.045096768,0.396220259,0.731580207,0.085470488,0.108,0.1221373,0.317429229,0.077272727,0.327,0,0.63068631,0.058823529,0.6
18.6,0.017746201,0.283196654,0.893684107,0.016640662,0.182591584,0.593801175,0.041827195,0.0452367,0.396576799,0.73315215,0.085621046,0.112,0.123418069,0.317730744,0.081818182,0.328,0,0.63068631,0.058823529,0.6
18.55,0.017746201,0.283196654,0.892058331,0.016543914,0.182440914,0.594337801,0.041929887,0.045376632,0.396933339,0.734724092,0.087618858,0.116,0.12542394,0.320842214,0.086363636,0.329,0,0.63068631,0.058823529,0.6
18.5,0.017746201,0.283196654,0.890432555,0.016447166,0.182290245,0.594874428,0.042032578,0.045516564,0.397289879,0.736296035,0.087769416,0.12,0.127661424,0.322972235,0.090909091,0.33,0,0.63068631,0.058823529,0.6
18.45,0.017746201,0.283196654,0.888806779,0.016350418,0.182139575,0.595411054,0.042135269,0.045656495,0.397646419,0.737910462,0.08607272,0.124,0.129538713,0.32403292,0.095454545,0.331,0,0.63068631,0.058823529,0.6
18.4,0.017746201,0.283196654,0.887181003,0.01625367,0.181988905,0.59594768,0.04223796,0.045796427,0.398002958,0.73952489,0.085303719,0.128,0.131341191,0.325836786,0.1,0.332,0,0.63068631,0.058823529,0.6
18.35,0.017746201,0.283196654,0.885555227,0.016156922,0.181838235,0.596484307,0.042340652,0.045936359,0.398359498,0.741139317,0.084534719,0.132,0.133143668,0.327640652,0.104545455,0.333,0,0.63068631,0.058823529,0.6
18.3,0.017746201,0.283196654,0.883929451,0.016060174,0.181687565,0.597020933,0.042443343,0.046076291,0.398716038,0.742796229,0.084693415,0.136,0.134529672,0.329223617,0.109090909,0.334,0,0.63068631,0.058823529,0.6
18.25,0.017746201,0.283196654,0.882303675,0.015963426,0.181536895,0.59755756,0.042546034,0.046216223,0.399072578,0.744453141,0.084852111,0.14,0.135287465,0.330814786,0.113636364,0.335,0,0.63068631,0.058823529,0.6
18.2,0.017746201,0.283196654,0.880677899,0.015866678,0.181386226,0.598094186,0.042648725,0.046356154,0.399429118,0.746110054,0.083163553,0.144,0.135534616,0.333070452,0.118181818,0.336,0,0.63068631,0.058823529,0.6
18.15,0.017746201,0.283196654,0.879052123,0.01576993,0.181235556,0.598630812,0.042751416,0.046496086,0.399785658,0.747809451,0.083324284,0.148,0.135249436,0.336267758,0.122727273,0.337,0,0.63068631,0.058823529,0.6
18.1,0.017746201,0.283196654,0.877426347,0.015673182,0.181084886,0.599167439,0.042854108,0.046636018,0.400142198,0.749508848,0.083485014,0.152,0.134964257,0.339465065,0.127272727,0.338,0,0.63068631,0.058823529,0.6
18.05,0.017746201,0.283196654,0.875800571,0.015576433,0.180934216,0.599704065,0.042956799,0.04677595,0.400498738,0.751208245,0.08364778,0.156,0.133152929,0.339909231,0.131818182,0.339,0,0.63068631,0.058823529,0.6
18,0.017746201,0.283196654,0.874174796,0.015479685,0.180783546,0.600240691,0.04305949,0.046915881,0.400855278,0.752907643,0.083810545,0.16,0.130422006,0.339172121,0.136363636,0.34,0,0.63068631,0.058823529,0.6
17.95,0.017746201,0.283196654,0.872539166,0.015382937,0.181550625,0.599499931,0.043162181,0.047530074,0.401069915,0.75460704,0.082126056,0.164,0.126829832,0.336378133,0.138636364,0.34,0,0.63068631,0.070588235,0.636231884
17.9,0.017746201,0.283196654,0.870903537,0.015286189,0.182317703,0.598759171,0.043264873,0.048144267,0.401284553,0.756285195,0.083212448,0.168,0.121678509,0.327058332,0.140909091,0.34,0,0.63068631,0.070588235,0.636231884
17.85,0.017746201,0.283196654,0.869267908,0.015189441,0.183084781,0.59801841,0.043367564,0.04875846,0.40149919,0.757963349,0.084298841,0.172,0.116527185,0.317738531,0.143181818,0.34,0,0.63068631,0.070588235,0.636231884
17.8,0.017746201,0.283196654,0.867632279,0.015092693,0.183851859,0.59727765,0.043470255,0.049372653,0.401713828,0.759662747,0.084461606,0.176,0.11002509,0.305070881,0.145454545,0.34,0,0.63068631,0.070588235,0.636231884
17.75,0.017746201,0.283196654,0.86599665,0.014995945,0.184618938,0.59653689,0.043572946,0.049986846,0.401928465,0.761362144,0.084620302,0.18,0.103536274,0.293964899,0.147727273,0.34,0,0.63068631,0.070588235,0.636231884
17.7,0.017746201,0.283196654,0.864361021,0.014899197,0.185386016,0.595796129,0.043675637,0.050601039,0.402143103,0.763019056,0.086630322,0.184,0.097178814,0.287313299,0.15,0.34,0,0.63068631,0.070588235,0.636231884
17.65,0.017746201,0.283196654,0.862725392,0.014802449,0.186153094,0.595055369,0.043778329,0.051215231,0.40235774,0.764675969,0.086789019,0.188,0.09174127,0.276242983,0.152272727,0.34,0,0.63068631,0.070588235,0.636231884
17.6,0.017746201,0.283196654,0.861089763,0.014705701,0.186920172,0.594314609,0.04388102,0.051829424,0.402572377,0.766332881,0.086947715,0.192,0.086303726,0.265172668,0.154545455,0.34,0,0.63068631,0.070588235,0.636231884
17.55,0.017746201,0.283196654,0.859454133,0.014608953,0.187687251,0.593573848,0.043983711,0.052443617,0.402787015,0.767989793,0.088953666,0.196,0.081744264,0.251872104,0.156818182,0.34,0,0.63068631,0.070588235,0.636231884
17.5,0.017746201,0.283196654,0.857818504,0.014512205,0.188454329,0.592833088,0.044086402,0.05305781,0.403001652,0.76960422,0.089108293,0.2,0.078809906,0.239358214,0.159090909,0.34,0,0.63068631,0.070588235,0.636231884
17.45,0.017746201,0.283196654,0.856182875,0.014415457,0.189221407,0.592092328,0.044189093,0.053672003,0.40321629,0.771176163,0.091110174,0.204,0.077840048,0.235567819,0.161363636,0.34,0,0.63068631,0.070588235,0.636231884
17.4,0.017746201,0.283196654,0.854547246,0.014318709,0.189988486,0.591351567,0.044291785,0.054286196,0.403430927,0.772769348,0.090337105,0.208,0.078900822,0.237329819,0.163636364,0.34,0,0.63068631,0.070588235,0.636231884
17.35,0.017746201,0.283196654,0.852911617,0.014221961,0.190755564,0.590610807,0.044394476,0.054900388,0.403645565,0.774362533,0.089564036,0.212,0.079961595,0.239091818,0.165909091,0.34,0,0.63068631,0.070588235,0.636231884
17.3,0.017746201,0.283196654,0.851275988,0.014125213,0.191522642,0.589870046,0.044497167,0.055514581,0.403860202,0.77597696,0.089722732,0.216,0.083884333,0.242383651,0.168181818,0.34,0,0.63068631,0.070588235,0.636231884
17.25,0.017746201,0.283196654,0.849640359,0.014028465,0.19228972,0.589129286,0.044599858,0.056128774,0.404074839,0.777633872,0.088030104,0.22,0.091174171,0.25404608,0.170454545,0.34,0,0.63068631,0.070588235,0.636231884
17.2,0.017746201,0.283196654,0.84800473,0.013931717,0.193056799,0.588388526,0.04470255,0.056742967,0.404289477,0.77933327,0.088192869,0.224,0.104036331,0.271874481,0.172727273,0.34,0,0.63068631,0.070588235,0.636231884
17.15,0.017746201,0.283196654,0.8463691,0.013834969,0.193823877,0.587647765,0.044805241,0.05735716,0.404504114,0.781032667,0.087429973,0.228,0.128231636,0.296144511,0.175,0.34,0,0.63068631,0.070588235,0.636231884
17.1,0.017746201,0.283196654,0.844733471,0.013738221,0.194590955,0.586907005,0.044907932,0.057971353,0.404718752,0.782732064,0.086667076,0.232,0.15242694,0.32041454,0.177272727,0.34,0,0.63068631,0.070588235,0.636231884
17.05,0.017746201,0.283196654,0.843097842,0.013641473,0.195358033,0.586166245,0.045010623,0.058585545,0.404933389,0.784431461,0.084982587,0.236,0.188221325,0.34749923,0.179545455,0.34,0,0.63068631,0.070588235,0.636231884
17,0.017746201,0.283196654,0.841462213,0.013544725,0.196125112,0.585425484,0.045113314,0.059199738,0.405148027,0.786130859,0.086996676,0.24,0.229522235,0.378073634,0.181818182,0.34,0,0.63068631,0.070588235,0.636231884
16.95,0.017746201,0.283196654,0.839816731,0.013447977,0.19739975,0.584037197,0.045216006,0.060141119,0.405201719,0.787872741,0.085312187,0.244,0.27226744,0.406582391,0.184090909,0.34,0,0.63068631,0.117647059,0.604347826
16.9,0.017746201,0.283196654,0.838171248,0.013351229,0.198674388,0.58264891,0.045318697,0.061082499,0.405255412,0.789572138,0.085474952,0.248,0.310904166,0.423489062,0.186363636,0.34,0,0.63068631,0.117647059,0.604347826
16.85,0.017746201,0.283196654,0.836525766,0.013254481,0.199949026,0.581260623,0.045421388,0.06202388,0.405309104,0.791271535,0.085637717,0.252,0.349540893,0.440395733,0.188636364,0.34,0,0.63068631,0.117647059,0.604347826
16.8,0.017746201,0.283196654,0.834880284,0.013157733,0.201223664,0.579872336,0.045524079,0.062965261,0.405362797,0.792970932,0.085800483,0.256,0.379232404,0.435622788,0.190909091,0.34,0,0.63068631,0.117647059,0.604347826
16.75,0.017746201,0.283196654,0.833234801,0.013060985,0.202498303,0.578484049,0.045626771,0.063906641,0.405416489,0.794627845,0.087810503,0.26,0.400696377,0.413576039,0.193181818,0.34,0,0.63068631,0.117647059,0.604347826
16.7,0.017746201,0.283196654,0.831589319,0.012964237,0.203772941,0.577095762,0.045729462,0.064848022,0.405470182,0.796284757,0.089816453,0.264,0.414612833,0.384052616,0.195454545,0.34,0,0.63068631,0.117647059,0.604347826
16.65,0.017746201,0.283196654,0.829943837,0.012867489,0.205047579,0.575707475,0.045832153,0.065789402,0.405523875,0.797899184,0.090896742,0.268,0.420622563,0.359809765,0.197727273,0.34,0,0.63068631,0.117647059,0.604347826
16.6,0.017746201,0.283196654,0.828298355,0.01277074,0.206322217,0.574319188,0.045934844,0.066730783,0.405577567,0.799513612,0.091977031,0.272,0.426632293,0.335566914,0.2,0.34,0,0.63068631,0.117647059,0.604347826
16.55,0.017746201,0.283196654,0.826652872,0.012673992,0.207596855,0.572930901,0.046037535,0.067672164,0.40563126,0.801085554,0.093974844,0.276,0.429497386,0.320173035,0.202272727,0.34,0,0.63068631,0.117647059,0.604347826
16.5,0.017746201,0.283196654,0.82500739,0.012577244,0.208871494,0.571542614,0.046140227,0.068613544,0.405684952,0.802615012,0.094121333,0.28,0.43067402,0.312881542,0.204545455,0.34,0,0.63068631,0.117647059,0.604347826
16.45,0.017746201,0.283196654,0.823361908,0.012480496,0.210146132,0.570154327,0.046242918,0.069554925,0.405738645,0.804101984,0.096111007,0.284,0.429591357,0.314470178,0.206818182,0.34,0.261904762,0.63068631,0.117647059,0.604347826
16.4,0.017746201,0.283196654,0.821716425,0.012383748,0.21142077,0.56876604,0.046345609,0.070496305,0.405792337,0.805503987,0.09717095,0.288,0.424761339,0.331903355,0.209090909,0.34,0.261904762,0.63068631,0.117647059,0.604347826
16.35,0.017746201,0.283196654,0.820070943,0.012287,0.212695408,0.567377753,0.0464483,0.071437686,0.40584603,0.80690599,0.098230893,0.292,0.41993132,0.349336532,0.211363636,0.34,0.261904762,0.63068631,0.117647059,0.604347826
16.3,0.017746201,0.283196654,0.818425461,0.012190252,0.213970046,0.565989466,0.046550992,0.072379067,0.405899723,0.808265507,0.098361106,0.296,0.410682776,0.375440962,0.213636364,0.34,0.261904762,0.63068631,0.117647059,0.604347826
16.25,0.017746201,0.283196654,0.816779978,0.012093504,0.215244685,0.564601179,0.046653683,0.073320447,0.405953415,0.809625025,0.096644063,0.3,0.397759596,0.402846498,0.215909091,0.34,0.261904762,0.63068631,0.117647059,0.604347826
16.2,0.017746201,0.283196654,0.815134496,0.011996756,0.216519323,0.563212892,0.046756374,0.074261828,0.406007108,0.811027028,0.096774276,0.304,0.381491162,0.426719819,0.218181818,0.34,0.261904762,0.63068631,0.117647059,0.604347826
16.15,0.017746201,0.283196654,0.813489014,0.011900008,0.217793961,0.561824605,0.046859065,0.075203208,0.4060608,0.812386546,0.09598086,0.308,0.362018049,0.430378623,0.220454545,0.34,0.261904762,0.63068631,0.117647059,0.604347826
16.1,0.017746201,0.283196654,0.811843531,0.01180326,0.219068599,0.560436318,0.046961756,0.076144589,0.406114493,0.813746064,0.095187445,0.312,0.342544935,0.434037426,0.222727273,0.34,0.261904762,0.63068631,0.117647059,0.604347826
16.05,0.017746201,0.283196654,0.810198049,0.011706512,0.220343237,0.559048031,0.047064448,0.07708597,0.406168186,0.815105581,0.095317658,0.316,0.322744086,0.418513148,0.225,0.34,0.261904762,0.63068631,0.117647059,0.604347826
16,0.017746201,0.283196654,0.808552567,0.011609764,0.221617876,0.557659744,0.047167139,0.07802735,0.406221878,0.816422614,0.093596546,0.32,0.304524677,0.404905212,0.227272727,0.34,0.261904762,0.63068631,0.117647059,0.604347826
15.95,0.020348094,0.281137986,0.818124938,0.011513016,0.222528813,0.556804585,0.04726983,0.079105164,0.406097708,0.817739647,0.093722689,0.324,0.291142465,0.39862987,0.222727273,0.3395,0.261904762,0.63068631,0.447058824,0.547368421
15.9,0.022949987,0.279079319,0.82769731,0.011416268,0.223439751,0.555949426,0.047372521,0.080182977,0.405973539,0.81905668,0.093848832,0.328,0.277760252,0.392354529,0.218181818,0.339,0.261904762,0.63068631,0.447058824,0.547368421
15.85,0.025551881,0.277020651,0.837269682,0.01131952,0.224350688,0.555094267,0.047475212,0.081260791,0.405849369,0.820331228,0.095820196,0.332,0.271565399,0.387554374,0.213636364,0.3385,0.261904762,0.63068631,0.447058824,0.547368421
15.8,0.028153774,0.274961984,0.846842053,0.011222772,0.225261626,0.554239108,0.047577904,0.082338604,0.405725199,0.821605776,0.097791559,0.336,0.265370546,0.38275422,0.209090909,0.338,0.261904762,0.63068631,0.447058824,0.547368421
15.75,0.030755667,0.272903316,0.856414425,0.011126024,0.226172564,0.553383949,0.047680595,0.083416418,0.405601029,0.822837839,0.097909564,0.34,0.264014179,0.380498667,0.204545455,0.3375,0.261904762,0.63068631,0.447058824,0.547368421
15.7,0.03335756,0.270844649,0.865986797,0.011029276,0.227083501,0.55252879,0.047783286,0.084494231,0.40547686,0.824027417,0.100796416,0.344,0.265415996,0.383350711,0.2,0.337,0.261904762,0.63068631,0.447058824,0.547368421
15.65,0.035959454,0.268785982,0.875559168,0.010932528,0.227994439,0.551673631,0.047885977,0.085572045,0.40535269,0.825216995,0.103683268,0.348,0.266817813,0.386202754,0.195454545,0.3365,0.261904762,0.63068631,0.447058824,0.547368421
15.6,0.038561347,0.266727314,0.88513154,0.01083578,0.228905377,0.550818472,0.047988669,0.086649858,0.40522852,0.826321603,0.104712693,0.352,0.270786976,0.391597022,0.190909091,0.336,0.261904762,0.63068631,0.447058824,0.547368421
15.55,0.04116324,0.264668647,0.894703912,0.010739032,0.229816314,0.549963313,0.04809136,0.087727672,0.40510435,0.827426211,0.105742118,0.356,0.274756139,0.396991291,0.186363636,0.3355,0.261904762,0.63068631,0.447058824,0.547368421
15.5,0.043765134,0.262609979,0.904276283,0.010642284,0.230727252,0.549108154,0.048194051,0.088805485,0.40498018,0.82844585,0.107691101,0.36,0.280678817,0.401872061,0.181818182,0.335,0.261904762,0.63068631,0.447058824,0.547368421
15.45,0.046367027,0.260551312,0.913848655,0.010545536,0.231638189,0.548252995,0.048296742,0.089883299,0.404856011,0.829380518,0.108706283,0.364,0.286684984,0.407975063,0.177272727,0.3345,0.261904762,0.63068631,0.447058824,0.547368421
15.4,0.04896892,0.258492644,0.923421027,0.010448788,0.232549127,0.547397836,0.048399433,0.090961112,0.404731841,0.830315187,0.109721466,0.368,0.292691151,0.414078065,0.172727273,0.334,0.261904762,0.63068631,0.447058824,0.547368421
15.35,0.051570814,0.256433977,0.932993398,0.01035204,0.233460065,0.546542676,0.048502125,0.092038926,0.404607671,0.831164885,0.108877187,0.372,0.296793348,0.41719381,0.168181818,0.3335,0.261904762,0.63068631,0.447058824,0.547368421
15.3,0.054172707,0.254375309,0.94256577,0.010255292,0.234371002,0.545687517,0.048604816,0.093116739,0.404483501,0.832014584,0.108032908,0.376,0.300895545,0.420309556,0.163636364,0.333,0.261904762,0.63068631,0.447058824,0.547368421
15.25,0.0567746,0.252316642,0.952138142,0.010158544,0.23528194,0.544832358,0.048707507,0.094194553,0.404359332,0.832779313,0.106254828,0.38,0.303231836,0.419277634,0.159090909,0.3325,0.261904762,0.63068631,0.447058824,0.547368421
15.2,0.059376493,0.250257974,0.961710513,0.010061796,0.236192877,0.543977199,0.048810198,0.095272366,0.404235162,0.833459071,0.105396307,0.384,0.302137751,0.41730814,0.154545455,0.332,0.261904762,0.63068631,0.447058824,0.547368421
15.15,0.061978387,0.248199307,0.971282885,0.009965048,0.237103815,0.54312204,0.04891289,0.096350179,0.404110992,0.83413883,0.104537786,0.388,0.301043666,0.415338647,0.15,0.3315,0.261904762,0.63068631,0.447058824,0.547368421
15.1,0.06458028,0.24614064,0.980855257,0.009868299,0.238014753,0.542266881,0.049015581,0.097427993,0.403986822,0.834754862,0.101821837,0.392,0.296877628,0.411814996,0.145454545,0.331,0.261904762,0.63068631,0.447058824,0.547368421
15.05,0.067182173,0.244081972,0.990427628,0.009771551,0.23892569,0.541411722,0.049118272,0.098505806,0.403862653,0.835370893,0.099105889,0.396,0.292711589,0.408291345,0.140909091,0.3305,0.261904762,0.63068631,0.447058824,0.547368421
15,0.069784067,0.242023305,1,0.009674803,0.239836628,0.540556563,0.049220963,0.09958362,0.403738483,0.835880712,0.099158787,0.4,0.28502705,0.397584615,0.136363636,0.33,0.261904762,0.63068631,0.447058824,0.547368421
14.95,0.069784067,0.242023305,0.998329885,0.009578055,0.236137008,0.545974328,0.049323654,0.100482477,0.403391526,0.836390532,0.098281955,0.4,0.276306784,0.387403002,0.140909091,0.3305,0.261904762,0.63068631,0.870588235,0.69306698
14.9,0.069784067,0.242023305,0.996659769,0.009481307,0.232437387,0.551392093,0.049426346,0.101381334,0.40304457,0.836900351,0.097405123,0.4,0.267586517,0.377221389,0.145454545,0.331,0.261904762,0.63068631,0.870588235,0.69306698
14.85,0.069784067,0.242023305,0.994989654,0.009384559,0.228737767,0.556809857,0.049529037,0.102280192,0.402697613,0.837346443,0.097447849,0.4,0.258088946,0.365538263,0.15,0.3315,0.261904762,0.63068631,0.870588235,0.69306698
14.8,0.069784067,0.242023305,0.993319539,0.009287811,0.225038146,0.562227622,0.049631728,0.103179049,0.402350657,0.837792534,0.097490575,0.4,0.248591376,0.353855136,0.154545455,0.332,0.261904762,0.63068631,0.870588235,0.69306698
14.75,0.069784067,0.242023305,0.991649424,0.009191063,0.221338526,0.567645387,0.049734419,0.104077906,0.4020037,0.838217384,0.097531266,0.4,0.240751544,0.346892462,0.159090909,0.3325,0.261904762,0.63068631,0.870588235,0.69306698
14.7,0.069784067,0.242023305,0.989979308,0.009094315,0.217638906,0.573063152,0.04983711,0.104976763,0.401656744,0.838620991,0.09849355,0.4,0.233621648,0.342669977,0.163636364,0.333,0.261904762,0.63068631,0.870588235,0.69306698
14.65,0.069784067,0.242023305,0.988309193,0.008997567,0.213939285,0.578480916,0.049939802,0.10587562,0.401309787,0.839024597,0.099455834,0.4,0.226491752,0.338447491,0.168181818,0.3335,0.261904762,0.63068631,0.870588235,0.69306698
14.6,0.069784067,0.242023305,0.986639078,0.008900819,0.210239665,0.583898681,0.050042493,0.106774477,0.40096283,0.839385719,0.100416084,0.4,0.22020982,0.334731406,0.172727273,0.334,0.261904762,0.63068631,0.870588235,0.69306698
14.55,0.069784067,0.242023305,0.984968962,0.008804071,0.206540045,0.589316446,0.050145184,0.107673335,0.400615874,0.839746841,0.101376333,0.4,0.213927887,0.331015321,0.177272727,0.3345,0.261904762,0.63068631,0.870588235,0.69306698
14.5,0.069784067,0.242023305,0.983298847,0.008707323,0.202840424,0.59473421,0.050247875,0.108572192,0.400268917,0.840129206,0.101412955,0.4,0.20705558,0.330338417,0.181818182,0.335,0.261904762,0.63068631,0.870588235,0.69306698
14.45,0.069784067,0.242023305,0.981628732,0.008610575,0.199140804,0.600151975,0.050350567,0.109471049,0.399921961,0.840490327,0.103296832,0.4,0.195762747,0.324464933,0.186363636,0.3355,0.261904762,0.63068631,0.870588235,0.69306698
14.4,0.069784067,0.242023305,0.979958617,0.008513827,0.195441184,0.60556974,0.050453258,0.110369906,0.399575004,0.840851449,0.105180709,0.4,0.184469915,0.318591449,0.190909091,0.336,0.261904762,0.63068631,0.870588235,0.69306698
14.35,0.069784067,0.242023305,0.978288501,0.008417079,0.191741563,0.610987505,0.050555949,0.111268763,0.399228048,0.841233814,0.106140958,0.4,0.163577893,0.310942151,0.195454545,0.3365,0.261904762,0.63068631,0.870588235,0.69306698
14.3,0.069784067,0.242023305,0.976618386,0.008320331,0.188041943,0.616405269,0.05065864,0.112167621,0.398881091,0.841616178,0.107101208,0.4,0.142685871,0.303292854,0.2,0.337,0.261904762,0.63068631,0.870588235,0.69306698
14.25,0.069784067,0.242023305,0.974948271,0.008223583,0.184342323,0.621823034,0.050761331,0.113066478,0.398534135,0.841998543,0.108989154,0.4,0.116126916,0.292568778,0.204545455,0.3375,0.261904762,0.63068631,0.870588235,0.69306698
14.2,0.069784067,0.242023305,0.973278155,0.008126835,0.180642702,0.627240799,0.050864023,0.113965335,0.398187178,0.842402149,0.107178522,0.4,0.084965322,0.250532247,0.209090909,0.338,0.261904762,0.63068631,0.870588235,0.69306698
14.15,0.069784067,0.242023305,0.97160804,0.008030087,0.176943082,0.632658564,0.050966714,0.114864192,0.397840221,0.842805756,0.105367889,0.4,0.053803728,0.208495717,0.213636364,0.3385,0.261904762,0.63068631,0.870588235,0.69306698
14.1,0.069784067,0.242023305,0.969937925,0.007933339,0.173243462,0.638076328,0.051069405,0.115763049,0.397493265,0.843166878,0.104476815,0.4,0.038214517,0.169051065,0.218181818,0.339,0.261904762,0.63068631,0.870588235,0.69306698
14.05,0.069784067,0.242023305,0.96826781,0.007836591,0.169543841,0.643494093,0.051172096,0.116661907,0.397146308,0.843528,0.103585741,0.4,0.022625307,0.129606412,0.222727273,0.3395,0.261904762,0.63068631,0.870588235,0.69306698
14,0.069784067,0.242023305,0.966597694,0.007739843,0.165844221,0.648911858,0.051274788,0.117560764,0.396799352,0.843825395,0.10176697,0.4,0.019369465,0.120991052,0.227272727,0.34,0.261904762,0.63068631,0.870588235,0.69306698
13.95,0.069784067,0.242023305,0.964912799,0.007643095,0.164873767,0.650724935,0.051377479,0.118058506,0.396220149,0.844122789,0.099020503,0.4,0.024705006,0.138948782,0.227272727,0.338,0.261904762,0.63068631,0.905882353,0.686843591
13.9,0.069784067,0.242023305,0.963227904,0.007546347,0.163903313,0.652538012,0.05148017,0.118556247,0.395640946,0.844420184,0.096274036,0.4,0.030040547,0.156906513,0.227272727,0.336,0.261904762,0.63068631,0.905882353,0.686843591
13.85,0.069784067,0.242023305,0.961543009,0.007449599,0.162932859,0.654351089,0.051582861,0.119053989,0.395061743,0.844653851,0.094449161,0.4,0.055950432,0.212647187,0.227272727,0.334,0.261904762,0.63068631,0.905882353,0.686843591
13.8,0.069784067,0.242023305,0.959858114,0.007352851,0.161962406,0.656164167,0.051685552,0.119551731,0.39448254,0.844887518,0.092624287,0.4,0.081860316,0.268387861,0.227272727,0.332,0.261904762,0.63068631,0.905882353,0.686843591
13.75,0.069784067,0.242023305,0.958173219,0.007256103,0.160991952,0.657977244,0.051788244,0.120049473,0.393903337,0.845142427,0.090797378,0.4,0.11975153,0.298606549,0.227272727,0.33,0.261904762,0.63068631,0.905882353,0.686843591
13.7,0.069784067,0.242023305,0.956488324,0.007159355,0.160021498,0.659790321,0.051890935,0.120547214,0.393324134,0.845397337,0.090821793,0.4,0.159575279,0.318282358,0.227272727,0.328,0.261904762,0.63068631,0.905882353,0.686843591
13.65,0.069784067,0.242023305,0.954803429,0.007062606,0.159051044,0.661603398,0.051993626,0.121044956,0.392744931,0.845652247,0.090846207,0.4,0.199399029,0.337958166,0.227272727,0.326,0.261904762,0.63068631,0.905882353,0.686843591
13.6,0.069784067,0.242023305,0.953118534,0.006965858,0.15808059,0.663416476,0.052096317,0.121542698,0.392165729,0.845907156,0.091796284,0.4,0.224876717,0.357827876,0.227272727,0.324,0.261904762,0.63068631,0.905882353,0.686843591
13.55,0.069784067,0.242023305,0.951433639,0.00686911,0.157110136,0.665229553,0.052199008,0.12204044,0.391586526,0.846162066,0.092746361,0.4,0.250354405,0.377697586,0.227272727,0.322,0.261904762,0.63068631,0.905882353,0.686843591
13.5,0.069784067,0.242023305,0.949748744,0.006772362,0.156139683,0.66704263,0.0523017,0.122538181,0.391007323,0.84645946,0.090923521,0.4,0.249215775,0.375908068,0.227272727,0.32,0.261904762,0.63068631,0.905882353,0.686843591
13.45,0.069784067,0.242023305,0.948063849,0.006675614,0.155169229,0.668855707,0.052404391,0.123035923,0.39042812,0.84679934,0.091879701,0.4,0.239050549,0.367075558,0.227272727,0.318,0.261904762,0.63068631,0.905882353,0.686843591
13.4,0.069784067,0.242023305,0.946378954,0.006578866,0.154198775,0.670668784,0.052507082,0.123533665,0.389848917,0.847139219,0.092835882,0.4,0.228885323,0.358243049,0.227272727,0.316,0.261904762,0.63068631,0.905882353,0.686843591
13.35,0.069784067,0.242023305,0.944694059,0.006482118,0.153228321,0.672481862,0.052609773,0.124031407,0.389269714,0.847457856,0.091942773,0.4,0.218630653,0.358714644,0.227272727,0.314,0.261904762,0.63068631,0.905882353,0.686843591
13.3,0.069784067,0.242023305,0.943009163,0.00638537,0.152257867,0.674294939,0.052712465,0.124529149,0.388690511,0.847776493,0.091049664,0.4,0.208375982,0.359186239,0.227272727,0.312,0.261904762,0.63068631,0.905882353,0.686843591
13.25,0.069784067,0.242023305,0.941324268,0.006288622,0.151287413,0.676108016,0.052815156,0.12502689,0.388111308,0.848116373,0.091082217,0.4,0.199010965,0.359563034,0.227272727,0.31,0.261904762,0.63068631,0.905882353,0.686843591
13.2,0.069784067,0.242023305,0.939639373,0.006191874,0.15031696,0.677921093,0.052917847,0.125524632,0.387532105,0.84843501,0.089263446,0.4,0.191514824,0.3544781,0.227272727,0.308,0.261904762,0.63068631,0.905882353,0.686843591
13.15,0.069784067,0.242023305,0.937954478,0.006095126,0.149346506,0.679734171,0.053020538,0.126022374,0.386952902,0.848753646,0.087444676,0.4,0.184018682,0.349393166,0.227272727,0.306,0.261904762,0.63068631,0.905882353,0.686843591
13.1,0.069784067,0.242023305,0.936269583,0.005998378,0.148376052,0.681547248,0.053123229,0.126520116,0.386373699,0.849072283,0.087475194,0.4,0.176240665,0.336967013,0.227272727,0.304,0.261904762,0.63068631,0.905882353,0.686843591
13.05,0.069784067,0.242023305,0.934584688,0.00590163,0.147405598,0.683360325,0.053225921,0.127017857,0.385794497,0.84939092,0.087505713,0.4,0.168462647,0.32454086,0.227272727,0.302,0.261904762,0.63068631,0.905882353,0.686843591
13,0.069784067,0.242023305,0.932899793,0.005804882,0.146435144,0.685173402,0.053328612,0.127515599,0.385215294,0.849688315,0.085686942,0.4,0.160726184,0.311325432,0.227272727,0.3,0.261904762,0.63068631,0.905882353,0.686843591
12.95,0.069784067,0.242023305,0.931200118,0.005708134,0.146015088,0.686195108,0.053431303,0.127685286,0.384455657,0.850028194,0.086643122,0.4,0.153233614,0.298969208,0.234090909,0.302,0.261904762,0.63068631,1,0.601636829
12.9,0.069784067,0.242023305,0.929500443,0.005611386,0.145595032,0.687216814,0.053533994,0.127854973,0.38369602,0.850368074,0.087599303,0.4,0.145741043,0.286612983,0.240909091,0.304,0.261904762,0.63068631,1,0.601636829
12.85,0.069784067,0.242023305,0.927800769,0.005514638,0.145174976,0.68823852,0.053636686,0.12802466,0.382936383,0.850707953,0.088557518,0.4,0.147353682,0.257883584,0.247727273,0.306,0.261904762,0.63068631,1,0.601636829
12.8,0.069784067,0.242023305,0.926101094,0.00541789,0.14475492,0.689260226,0.053739377,0.128194346,0.382176746,0.851047833,0.089515733,0.4,0.148966322,0.229154185,0.254545455,0.308,0.261904762,0.63068631,1,0.601636829
12.75,0.069784067,0.242023305,0.924401419,0.005321142,0.144334864,0.690281932,0.053842068,0.128364033,0.38141711,0.851430197,0.089548286,0.4,0.168166685,0.199029202,0.261363636,0.31,0.270562771,0.634382609,1,0.601636829
12.7,0.069784067,0.242023305,0.922701744,0.005224394,0.143914808,0.691303638,0.053944759,0.12853372,0.380657473,0.851791319,0.090508535,0.4,0.162520222,0.185178199,0.268181818,0.312,0.270562771,0.634382609,1,0.601636829
12.65,0.069784067,0.242023305,0.921002069,0.005127646,0.143494751,0.692325345,0.05404745,0.128703407,0.379897836,0.852152441,0.091468785,0.4,0.156873759,0.171327195,0.275,0.314,0.279220779,0.634428716,1,0.601636829
12.6,0.069784067,0.242023305,0.919302394,0.005030898,0.143074695,0.693347051,0.054150142,0.128873094,0.379138199,0.852534805,0.089656118,0.4,0.137011721,0.174876225,0.281818182,0.316,0.279220779,0.634428716,1,0.601636829
12.55,0.069784067,0.242023305,0.917602719,0.00493415,0.142654639,0.694368757,0.054252833,0.12904278,0.378378562,0.85291717,0.087843451,0.4,0.117149683,0.178425256,0.288636364,0.318,0.279220779,0.634428716,1,0.601636829
12.5,0.069784067,0.242023305,0.915903045,0.004837402,0.142234583,0.695390463,0.054355524,0.129212467,0.377618925,0.853299534,0.087880073,0.4,0.116492467,0.19631336,0.295454545,0.32,0.279220779,0.634428716,1,0.601636829
12.45,0.069784067,0.242023305,0.91420337,0.004740654,0.141814527,0.696412169,0.054458215,0.129382154,0.376859289,0.853681898,0.086993068,0.4,0.121271521,0.228922563,0.302272727,0.322,0.279220779,0.634428716,1,0.601636829
12.4,0.069784067,0.242023305,0.912503695,0.004643906,0.141394471,0.697433875,0.054560907,0.129551841,0.376099652,0.854064263,0.086106063,0.4,0.126050576,0.261531766,0.309090909,0.324,0.279220779,0.634428716,1,0.601636829
12.35,0.069784067,0.242023305,0.91080402,0.004547158,0.140974415,0.698455581,0.054663598,0.129721528,0.375340015,0.85446787,0.087068347,0.4,0.138487435,0.300466392,0.315909091,0.326,0.279220779,0.634428716,1,0.601636829
12.3,0.069784067,0.242023305,0.909104345,0.00445041,0.140554359,0.699477287,0.054766289,0.129891215,0.374580378,0.854871477,0.088030631,0.4,0.150924294,0.339401017,0.322727273,0.328,0.279220779,0.634428716,1,0.601636829
12.25,0.069784067,0.242023305,0.90740467,0.004353662,0.140134303,0.700498993,0.05486898,0.130060901,0.373820741,0.855296326,0.089918577,0.4,0.164877138,0.367901236,0.329545455,0.33,0.279220779,0.634428716,1,0.601636829
12.2,0.069784067,0.242023305,0.905704996,0.004256913,0.139714246,0.701520699,0.054971671,0.130230588,0.373061104,0.855699933,0.090882895,0.4,0.176776218,0.390672018,0.336363636,0.332,0.279220779,0.634428716,1,0.601636829
12.15,0.069784067,0.242023305,0.904005321,0.004160165,0.13929419,0.702542405,0.055074363,0.130400275,0.372301468,0.85610354,0.091847214,0.4,0.188675298,0.4134428,0.343181818,0.334,0.279220779,0.634428716,1,0.601636829
12.1,0.069784067,0.242023305,0.902305646,0.004063417,0.138874134,0.703564111,0.055177054,0.130569962,0.371541831,0.856528389,0.093737195,0.4,0.197609473,0.436541418,0.35,0.336,0.279220779,0.634428716,1,0.601636829
12.05,0.069784067,0.242023305,0.900605971,0.003966669,0.138454078,0.704585817,0.055279745,0.130739649,0.370782194,0.856953238,0.095627175,0.4,0.206543648,0.459640035,0.356818182,0.338,0.279220779,0.634428716,1,0.601636829
12,0.069784067,0.242023305,0.898906296,0.003869921,0.138034022,0.705607523,0.055382436,0.130909335,0.370022557,0.857378087,0.097515121,0.4,0.21328198,0.478352848,0.363636364,0.34,0.279220779,0.634428716,1,0.601636829
11.95,0.067500478,0.233162762,0.896063652,0.003773173,0.137621255,0.706625986,0.055485127,0.130854828,0.369173165,0.857802937,0.099405102,0.4,0.218582392,0.491758484,0.356818182,0.342,0.283549784,0.632044474,0.952941176,0.592699946
11.9,0.065216889,0.22430222,0.893221007,0.003676425,0.137208488,0.707644449,0.055587819,0.13080032,0.368323773,0.858227786,0.101295082,0.4,0.223882803,0.50516412,0.35,0.344,0.283549784,0.632044474,0.952941176,0.592699946
11.85,0.0629333,0.215441678,0.890378362,0.003579677,0.136795721,0.708662911,0.05569051,0.130745813,0.367474382,0.858652635,0.102261435,0.4,0.228639017,0.517260117,0.343181818,0.346,0.283549784,0.632044474,0.952941176,0.592699946
11.8,0.060649712,0.206581136,0.887535718,0.003482929,0.136382954,0.709681374,0.055793201,0.130691305,0.36662499,0.859077485,0.103227789,0.4,0.233395231,0.529356115,0.336363636,0.348,0.283549784,0.632044474,0.952941176,0.592699946
11.75,0.058366123,0.197720594,0.884693073,0.003386181,0.135970187,0.710699837,0.055895892,0.130636797,0.365775598,0.859544819,0.101421225,0.4,0.23665671,0.543664616,0.329545455,0.35,0.283549784,0.632044474,0.952941176,0.592699946
11.7,0.056082534,0.188860052,0.881850429,0.003289433,0.13555742,0.7117183,0.055998584,0.13058229,0.364926206,0.859969668,0.101463951,0.4,0.239152047,0.546948999,0.322727273,0.352,0.283549784,0.632044474,0.952941176,0.592699946
11.65,0.053798945,0.179999509,0.879007784,0.003192685,0.135144653,0.712736762,0.056101275,0.130527782,0.364076814,0.860394518,0.101506677,0.4,0.241647384,0.550233383,0.315909091,0.354,0.283549784,0.632044474,0.952941176,0.592699946
11.6,0.051515357,0.171138967,0.876165139,0.003095937,0.134731886,0.713755225,0.056203966,0.130473275,0.363227422,0.860861852,0.101549403,0.4,0.24505549,0.557960532,0.309090909,0.356,0.283549784,0.632044474,0.952941176,0.592699946
11.55,0.049231768,0.162278425,0.873322495,0.002999189,0.134319119,0.714773688,0.056306657,0.130418767,0.36237803,0.861329186,0.101592129,0.4,0.248463597,0.565687681,0.302272727,0.358,0.283549784,0.632044474,0.952941176,0.592699946
11.5,0.046948179,0.153417883,0.87047985,0.002902441,0.133906353,0.715792151,0.056409348,0.130364259,0.361528639,0.861754035,0.101636889,0.4,0.252323838,0.577452277,0.295454545,0.36,0.283549784,0.632044474,0.952941176,0.592699946
11.45,0.04466459,0.144557341,0.867637206,0.002805693,0.133493586,0.716810613,0.05651204,0.130309752,0.360679247,0.86222137,0.102605277,0.4,0.257214495,0.587055818,0.288636364,0.362,0.03030303,0.666614907,0.952941176,0.592699946
11.4,0.042381002,0.135696799,0.864794561,0.002708945,0.133080819,0.717829076,0.056614731,0.130255244,0.359829855,0.862688704,0.103573665,0.4,0.262105151,0.596659359,0.281818182,0.364,0.03030303,0.666614907,0.952941176,0.592699946
11.35,0.040097413,0.126836256,0.861951916,0.002612197,0.132668052,0.718847539,0.056717422,0.130200737,0.358980463,0.863156038,0.104544087,0.4,0.267079028,0.613237236,0.275,0.366,0.03030303,0.666614907,0.952941176,0.592699946
11.3,0.037813824,0.117975714,0.859109272,0.002515449,0.132255285,0.719866002,0.056820113,0.130146229,0.358131071,0.863623372,0.10551451,0.4,0.272052904,0.629815113,0.268181818,0.368,0.03030303,0.666614907,0.952941176,0.592699946
11.25,0.035530235,0.109115172,0.856266627,0.002418701,0.131842518,0.720884464,0.056922805,0.130091721,0.357281679,0.864090706,0.109257848,0.4,0.276728424,0.64445265,0.261363636,0.37,0.038961039,0.625,0.952941176,0.592699946
11.2,0.033246647,0.10025463,0.853423983,0.002321953,0.131429751,0.721902927,0.057025496,0.130037214,0.356432288,0.864579283,0.11207756,0.4,0.281949554,0.652290268,0.254545455,0.372,0.038961039,0.625,0.952941176,0.592699946
11.15,0.030963058,0.091394088,0.850581338,0.002225205,0.131016984,0.72292139,0.057128187,0.129982706,0.355582896,0.86506786,0.114897271,0.4,0.287170683,0.660127886,0.247727273,0.374,0.038961039,0.625,0.952941176,0.592699946
11.1,0.028679469,0.082533546,0.847738693,0.002128457,0.130604217,0.723939853,0.057230878,0.129928199,0.354733504,0.865556437,0.116793356,0.4,0.290776044,0.667941086,0.240909091,0.376,0.038961039,0.625,0.952941176,0.592699946
11.05,0.02639588,0.073673003,0.844896049,0.002031709,0.13019145,0.724958315,0.057333569,0.129873691,0.353884112,0.866045013,0.11868944,0.4,0.294381405,0.675754286,0.234090909,0.378,0.038961039,0.625,0.952941176,0.592699946
11,0.024112292,0.064812461,0.842053404,0.001934961,0.129778683,0.725976778,0.057436261,0.129819184,0.35303472,0.866512348,0.120585524,0.4,0.298476893,0.6866338,0.227272727,0.38,0.038961039,0.625,0.952941176,0.592699946
10.95,0.024112292,0.064812461,0.840329096,0.001838213,0.129355565,0.727018732,0.057538952,0.129726171,0.352171113,0.867022167,0.122481608,0.4,0.302300163,0.686106167,0.215909091,0.3785,0.038961039,0.625,0.635294118,0.623993559
10.9,0.024112292,0.064812461,0.838604789,0.001741465,0.128932447,0.728060686,0.057641643,0.129633158,0.351307507,0.867531986,0.124377693,0.4,0.306123434,0.685578534,0.204545455,0.377,0.038961039,0.625,0.635294118,0.623993559
10.85,0.024112292,0.064812461,0.836880481,0.001644717,0.128509329,0.72910264,0.057744334,0.129540145,0.3504439,0.868041805,0.123502895,0.4,0.312407329,0.695734922,0.193181818,0.3755,0.038961039,0.625,0.635294118,0.623993559
10.8,0.024112292,0.064812461,0.835156173,0.001547969,0.128086212,0.730144594,0.057847025,0.129447132,0.349580293,0.868551624,0.122628097,0.4,0.318691225,0.705891309,0.181818182,0.374,0.038961039,0.625,0.635294118,0.623993559
10.75,0.024112292,0.064812461,0.833431865,0.001451221,0.127663094,0.731186548,0.057949717,0.129354119,0.348716687,0.869061443,0.120829672,0.4,0.325141339,0.717556509,0.170454545,0.3725,0.038961039,0.625,0.635294118,0.623993559
10.7,0.024112292,0.064812461,0.831707557,0.001354472,0.127239976,0.732228502,0.058052408,0.129261106,0.34785308,0.869613747,0.119956909,0.4,0.334003089,0.729858523,0.159090909,0.371,0.038961039,0.625,0.635294118,0.623993559
10.65,0.024112292,0.064812461,0.82998325,0.001257724,0.126816858,0.733270456,0.058155099,0.129168093,0.346989473,0.870166052,0.119084146,0.4,0.342864838,0.742160537,0.147727273,0.3695,0.038961039,0.625,0.635294118,0.623993559
10.6,0.024112292,0.064812461,0.828258942,0.001160976,0.12639374,0.73431241,0.05825779,0.12907508,0.346125867,0.870739598,0.11728979,0.4,0.347637488,0.74276331,0.136363636,0.368,0.038961039,0.625,0.635294118,0.623993559
10.55,0.024112292,0.064812461,0.826534634,0.001064228,0.125970622,0.735354364,0.058360482,0.128982067,0.34526226,0.871313145,0.115495434,0.4,0.352410137,0.743366083,0.125,0.3665,0.038961039,0.625,0.635294118,0.623993559
10.5,0.024112292,0.064812461,0.824810326,0.00096748,0.125547504,0.736396318,0.058463173,0.128889054,0.344398653,0.871865449,0.111849754,0.4,0.357197621,0.7347729,0.113636364,0.365,0.038961039,0.625,0.635294118,0.623993559
10.45,0.024112292,0.064812461,0.823086018,0.000870732,0.125124386,0.737438272,0.058565864,0.128796041,0.343535046,0.872460238,0.11098106,0.4,0.366927294,0.755774637,0.102272727,0.3635,0.038961039,0.625,0.635294118,0.623993559
10.4,0.024112292,0.064812461,0.821361711,0.000773984,0.124701268,0.738480226,0.058668555,0.128703028,0.34267144,0.873055027,0.110112366,0.4,0.376656966,0.776776373,0.090909091,0.362,0.038961039,0.625,0.635294118,0.623993559
10.35,0.024112292,0.064812461,0.819637403,0.000677236,0.124278151,0.73952218,0.058771246,0.128610015,0.341807833,0.873649816,0.108320045,0.4,0.383894431,0.766218355,0.079545455,0.3605,0.038961039,0.625,0.635294118,0.623993559
10.3,0.024112292,0.064812461,0.817913095,0.000580488,0.123855033,0.740564134,0.058873938,0.128517002,0.340944226,0.874244605,0.106527724,0.4,0.391131895,0.755660337,0.068181818,0.359,0.038961039,0.625,0.635294118,0.623993559
10.25,0.024112292,0.064812461,0.816188787,0.00048374,0.123431915,0.741606088,0.058976629,0.128423989,0.34008062,0.874839394,0.106584691,0.4,0.394700252,0.747395791,0.056818182,0.3575,0.038961039,0.625,0.635294118,0.623993559
10.2,0.024112292,0.064812461,0.814464479,0.000386992,0.123008797,0.742648043,0.05907932,0.128330976,0.339217013,0.875434183,0.105718032,0.4,0.403537546,0.774179019,0.045454545,0.356,0.038961039,0.625,0.635294118,0.623993559
10.15,0.024112292,0.064812461,0.812740171,0.000290244,0.122585679,0.743689997,0.059182011,0.128237963,0.338353406,0.876028972,0.104851373,0.4,0.41237484,0.800962247,0.034090909,0.3545,0.038961039,0.625,0.635294118,0.623993559
10.1,0.024112292,0.064812461,0.811015864,0.000193496,0.122162561,0.744731951,0.059284703,0.12814495,0.337489799,0.876645004,0.105834002,0.4,0.423007733,0.815172258,0.022727273,0.353,0.038961039,0.625,0.635294118,0.623993559
10.05,0.024112292,0.064812461,0.809291556,9.67E-05,0.121739443,0.745773905,0.059387394,0.128051937,0.336626193,0.877261035,0.106816632,0.4,0.433640626,0.829382268,0.011363636,0.3515,0.038961039,0.625,0.635294118,0.623993559
10,0.024112292,0.064812461,0.807567248,0,0.121316325,0.746815859,0.059490085,0.127958924,0.335762586,0.877855824,0.1068736,0.4,0.445401684,0.845767199,0,0.35,0.038961039,0.625,0.635294118,0.623993559
9.95,0.024112292,0.064812461,0.805833087,6.30E-05,0.120918138,0.747803721,0.059483003,0.127964607,0.334894112,0.878450613,0.10785623,0.4,0.442263333,0.816808185,0.018181818,0.352,0.038961039,0.625,0.2,0.164705882
9.9,0.024112292,0.064812461,0.804098926,0.000126064,0.12051995,0.748791583,0.059475921,0.127970289,0.334025638,0.879045402,0.108838859,0.4,0.439124982,0.787849171,0.036363636,0.354,0.038961039,0.625,0.2,0.164705882
9.85,0.024112292,0.064812461,0.802364765,0.000189095,0.120121763,0.749779445,0.059468839,0.127975971,0.333157164,0.879640191,0.109821489,0.4,0.425090554,0.685245952,0.054545455,0.356,0.038961039,0.625,0.2,0.164705882
9.8,0.024112292,0.064812461,0.800630604,0.000252127,0.119723575,0.750767307,0.059461756,0.127981653,0.33228869,0.88023498,0.110804119,0.4,0.411056127,0.582642734,0.072727273,0.358,0.038961039,0.625,0.2,0.164705882
9.75,0.024112292,0.064812461,0.798896443,0.000315159,0.119325388,0.751755169,0.059454674,0.127987335,0.331420216,0.880829769,0.112708341,0.4,0.463374679,0.573672285,0.090909091,0.36,0.038961039,0.625,0.2,0.164705882
9.7,0.024112292,0.064812461,0.797162282,0.000378191,0.1189272,0.752743031,0.059447592,0.127993017,0.330551742,0.881424558,0.113688937,0.4,0.504539354,0.613454421,0.109090909,0.362,0.038961039,0.625,0.2,0.164705882
9.65,0.024112292,0.064812461,0.795428121,0.000441223,0.118529013,0.753730894,0.05944051,0.127998699,0.329683268,0.882019347,0.114669532,0.4,0.545704029,0.653236556,0.127272727,0.364,0.038961039,0.625,0.2,0.164705882
9.6,0.024112292,0.064812461,0.79369396,0.000504255,0.118130825,0.754718756,0.059433428,0.128004381,0.328814794,0.882571651,0.114724465,0.4,0.533612581,0.71732142,0.145454545,0.366,0.038961039,0.625,0.2,0.164705882
9.55,0.024112292,0.064812461,0.791959799,0.000567286,0.117732638,0.755706618,0.059426346,0.128010064,0.327946319,0.883123955,0.114779398,0.4,0.521521134,0.781406283,0.163636364,0.368,0.038961039,0.625,0.2,0.164705882
9.5,0.024112292,0.064812461,0.790225638,0.000630318,0.11733445,0.75669448,0.059419263,0.128015746,0.327077845,0.883718745,0.112985042,0.4,0.504919807,0.852877096,0.181818182,0.37,0.038961039,0.625,0.2,0.164705882
9.45,0.024112292,0.064812461,0.788491477,0.00069335,0.116936263,0.757682342,0.059412181,0.128021428,0.326209371,0.884292291,0.115818996,0.4,0.497221271,0.865969815,0.2,0.372,0.038961039,0.625,0.2,0.164705882
9.4,0.024112292,0.064812461,0.786757316,0.000756382,0.116538075,0.758670204,0.059405099,0.12802711,0.325340897,0.884865838,0.118652949,0.4,0.489522734,0.879062534,0.218181818,0.374,0.038961039,0.625,0.2,0.164705882
9.35,0.024112292,0.064812461,0.785023155,0.000819414,0.116139888,0.759658066,0.059398017,0.128032792,0.324472423,0.885418142,0.122412565,0.4,0.488939228,0.886393635,0.236363636,0.376,0.038961039,0.625,0.2,0.164705882
9.3,0.024112292,0.064812461,0.783288994,0.000882445,0.1157417,0.760645928,0.059390935,0.128038474,0.323603949,0.886012931,0.128019435,0.4,0.491322085,0.876252504,0.254545455,0.378,0.038961039,0.625,0.2,0.164705882
9.25,0.024112292,0.064812461,0.781554833,0.000945477,0.115343513,0.761633791,0.059383853,0.128044156,0.322735475,0.88660772,0.129923657,0.4,0.49598387,0.871299133,0.272727273,0.38,0.038961039,0.625,0.2,0.164705882
9.2,0.024112292,0.064812461,0.779820672,0.001008509,0.114945325,0.762621653,0.059376771,0.128049839,0.321867001,0.887196577,0.140138096,0.4,0.50963204,0.891289417,0.290909091,0.382,0.038961039,0.625,0.2,0.164705882
9.15,0.024112292,0.064812461,0.778086511,0.001071541,0.114547138,0.763609515,0.059369688,0.128055521,0.320998527,0.887785433,0.150352534,0.4,0.52328021,0.911279702,0.309090909,0.384,0.038961039,0.625,0.2,0.164705882
9.1,0.024112292,0.064812461,0.77635235,0.001134573,0.11414895,0.764597377,0.059362606,0.128061203,0.320130053,0.888301253,0.150396167,0.4,0.542208894,0.933266554,0.327272727,0.386,0.038961039,0.625,0.2,0.164705882
9.05,0.024112292,0.064812461,0.774618189,0.001197605,0.113750762,0.765585239,0.059355524,0.128066885,0.319261579,0.888801854,0.1504441,0.4,0.557593572,0.925225447,0.345454545,0.388,0.038961039,0.625,0.2,0.164705882
9,0.024112292,0.064812461,0.772884028,0.001260636,0.113352575,0.766573101,0.059348442,0.128072567,0.318393105,0.889287741,0.150490934,0.4,0.572447581,0.944081519,0.363636364,0.39,0.038961039,0.625,0.164705882,0.034782609
8.95,0.024112292,0.064812461,0.771135087,0.001323668,0.113971425,0.765990076,0.05934136,0.127980051,0.317515122,0.889752539,0.148688802,0.4,0.571260583,0.933644869,0.354545455,0.3895,0.038961039,0.625,0.164705882,0.034782609
8.9,0.024112292,0.064812461,0.769386146,0.0013867,0.114590274,0.76540705,0.059334278,0.127887535,0.316637138,0.890217337,0.14688667,0.4,0.570073586,0.923208219,0.345454545,0.389,0.038961039,0.625,0.164705882,0.034782609
8.85,0.024112292,0.064812461,0.767637206,0.001449732,0.115209124,0.764824025,0.059327195,0.127795019,0.315759155,0.890662027,0.143233968,0.4,0.55883824,0.909358156,0.336363636,0.3885,0.038961039,0.625,0.164705882,0.034782609
8.8,0.024112292,0.064812461,0.765888265,0.001512764,0.115827973,0.764240999,0.059320113,0.127702503,0.314881172,0.891093977,0.141428244,0.4,0.533512056,0.871480757,0.327272727,0.388,0.038961039,0.625,0.164705882,0.034782609
8.75,0.024112292,0.064812461,0.764139324,0.001575795,0.116446823,0.763657974,0.059313031,0.127609986,0.314003189,0.891513699,0.139617778,0.4,0.512985966,0.828852021,0.318181818,0.3875,0.038961039,0.625,0.164705882,0.034782609
8.7,0.024112292,0.064812461,0.762390383,0.001638827,0.117065672,0.763074949,0.059305949,0.12751747,0.313125205,0.891916158,0.137807863,0.4,0.526547951,0.86605463,0.309090909,0.387,0.038961039,0.625,0.164705882,0.034782609
8.65,0.024112292,0.064812461,0.760641443,0.001701859,0.117684522,0.762491923,0.059298867,0.127424954,0.312247222,0.892318617,0.135997948,0.4,0.540109936,0.903257239,0.3,0.3865,0.038961039,0.625,0.164705882,0.034782609
8.6,0.024112292,0.064812461,0.758892502,0.001764891,0.118303372,0.761908898,0.059291785,0.127332438,0.311369239,0.89270495,0.137882883,0.4,0.544066577,0.889724043,0.290909091,0.386,0.038961039,0.625,0.164705882,0.034782609
8.55,0.024112292,0.064812461,0.757143561,0.001827923,0.118922221,0.761325872,0.059284703,0.127239922,0.310491256,0.893081342,0.136068115,0.4,0.542703416,0.88402876,0.281818182,0.3855,0.038961039,0.625,0.164705882,0.034782609
8.5,0.024112292,0.064812461,0.75539462,0.001890955,0.119541071,0.760742847,0.05927762,0.127147406,0.309613272,0.893448438,0.137950891,0.4,0.540166688,0.897912858,0.272727273,0.385,0.038961039,0.625,0.164705882,0.034782609
8.45,0.024112292,0.064812461,0.753645679,0.001953986,0.12015992,0.760159821,0.059270538,0.12705489,0.308735289,0.893802981,0.139832418,0.4,0.533497357,0.907264299,0.263636364,0.3845,0.038961039,0.625,0.164705882,0.034782609
8.4,0.024112292,0.064812461,0.751896739,0.002017018,0.12077877,0.759576796,0.059263456,0.126962374,0.307857306,0.894157524,0.141713945,0.4,0.526828026,0.916615739,0.254545455,0.384,0.038961039,0.625,0.164705882,0.034782609
8.35,0.024112292,0.064812461,0.750147798,0.00208005,0.12139762,0.75899377,0.059256374,0.126869858,0.306979323,0.894501002,0.143594611,0.4,0.506501295,0.907116879,0.245454545,0.3835,0.038961039,0.625,0.164705882,0.034782609
8.3,0.024112292,0.064812461,0.748398857,0.002143082,0.122016469,0.758410745,0.059249292,0.126777341,0.306101339,0.894838167,0.147326318,0.4,0.469866525,0.890376033,0.236363636,0.383,0.038961039,0.625,0.164705882,0.034782609
8.25,0.024112292,0.064812461,0.746649916,0.002206114,0.122635319,0.757827719,0.05924221,0.126684825,0.305223356,0.89516987,0.149210714,0.4,0.386480921,0.803884807,0.227272727,0.3825,0.038961039,0.625,0.164705882,0.034782609
8.2,0.024112292,0.064812461,0.744900975,0.002269145,0.123254168,0.757244694,0.059235127,0.126592309,0.304345373,0.895495197,0.150169799,0.4,0.379445056,0.800707095,0.218181818,0.382,0.038961039,0.625,0.164705882,0.034782609
8.15,0.024112292,0.064812461,0.743152035,0.002332177,0.123873018,0.756661669,0.059228045,0.126499793,0.30346739,0.895820524,0.151128884,0.4,0.37240919,0.797529383,0.209090909,0.3815,0.038961039,0.625,0.164705882,0.034782609
8.1,0.024112292,0.064812461,0.741403094,0.002395209,0.124491867,0.756078643,0.059220963,0.126407277,0.302589406,0.896141404,0.149311721,0.4,0.433512985,0.832036801,0.2,0.381,0.038961039,0.625,0.164705882,0.034782609
8.05,0.024112292,0.064812461,0.739654153,0.002458241,0.125110717,0.755495618,0.059213881,0.126314761,0.301711423,0.896460679,0.147495264,0.4,0.45774853,0.841004242,0.190909091,0.3805,0.038961039,0.625,0.164705882,0.034782609
8,0.024112292,0.064812461,0.737905212,0.002521273,0.125729567,0.754912592,0.059206799,0.126222245,0.30083344,0.896779425,0.143824232,0.4,0.467814123,0.858331412,0.181818182,0.38,0.041125541,0.645194508,0.129411765,-0.158893281
7.95,0.023662762,0.063230723,0.738018524,0.002584305,0.125097952,0.75625878,0.059199717,0.12581419,0.299941662,0.89709876,0.142005412,0.4,0.467554186,0.856119575,0.193181818,0.383,0.041125541,0.645194508,0.129411765,-0.158893281
7.9,0.023213233,0.061648985,0.738131836,0.002647336,0.124466337,0.757604967,0.059192635,0.125406136,0.299049883,0.897419843,0.140183434,0.4,0.464586618,0.838542424,0.204545455,0.386,0.041125541,0.645194508,0.129411765,-0.158893281
7.85,0.022763704,0.060067247,0.738245147,0.002710368,0.123834723,0.758951154,0.059185552,0.124998081,0.298158105,0.897748468,0.138364428,0.4,0.464876343,0.825527152,0.215909091,0.389,0.041125541,0.645194508,0.129411765,-0.158893281
7.8,0.022314175,0.058485509,0.738358459,0.0027734,0.123203108,0.760297342,0.05917847,0.124590026,0.297266327,0.898077093,0.136545423,0.4,0.465166068,0.812511879,0.227272727,0.392,0.032467532,0.61826087,0.129411765,-0.158893281
7.75,0.021864645,0.056903771,0.738471771,0.002836432,0.122571493,0.761643529,0.059171388,0.124181972,0.296374548,0.898405719,0.134726417,0.4,0.465455792,0.799496607,0.238636364,0.395,0.032467532,0.61826087,0.129411765,-0.158893281
7.7,0.021415116,0.055322033,0.738585082,0.002899464,0.121939879,0.762989716,0.059164306,0.123773917,0.29548277,0.898746104,0.134758497,0.4,0.482556885,0.804820334,0.25,0.398,0.023809524,0.611857708,0.129411765,-0.158893281
7.65,0.020965587,0.053740295,0.738698394,0.002962495,0.121308264,0.764335904,0.059157224,0.123365863,0.294590992,0.89909455,0.132943477,0.4,0.504894062,0.827083015,0.261363636,0.401,0.023809524,0.611857708,0.129411765,-0.158893281
7.6,0.020516058,0.052158557,0.738811706,0.003025527,0.120676649,0.765682091,0.059150142,0.122957808,0.293699213,0.899463622,0.134213074,0.4,0.50966029,0.839397319,0.272727273,0.404,0.023809524,0.611857708,0.129411765,-0.158893281
7.55,0.020066528,0.050576819,0.738925017,0.003088559,0.120045035,0.767028278,0.059143059,0.122549753,0.292807435,0.899832693,0.135482671,0.4,0.514426517,0.851711623,0.284090909,0.407,0.023809524,0.611857708,0.129411765,-0.158893281
7.5,0.019616999,0.048995081,0.739038329,0.003151591,0.11941342,0.768374466,0.059135977,0.122141699,0.291915657,0.900201764,0.136752268,0.4,0.519192745,0.864025926,0.295454545,0.41,0.023809524,0.611857708,0.129411765,-0.158893281
7.45,0.01916747,0.047413343,0.739151641,0.003214623,0.118781805,0.769720653,0.059128895,0.121733644,0.291023878,0.90059603,0.138640577,0.4,0.479477108,0.847124071,0.306818182,0.413,0.023809524,0.611857708,0.129411765,-0.158893281
7.4,0.018717941,0.045831605,0.739264952,0.003277655,0.118150191,0.77106684,0.059121813,0.12132559,0.2901321,0.901005191,0.138679479,0.4,0.428058568,0.795485869,0.318181818,0.416,0.023809524,0.611857708,0.129411765,-0.158893281
7.35,0.018268411,0.044249867,0.739378264,0.003340686,0.117518576,0.772413028,0.059114731,0.120917535,0.289240322,0.901448701,0.137484443,0.4,0.40502113,0.765154097,0.329545455,0.419,0.023809524,0.611857708,0.129411765,-0.158893281
7.3,0.017818882,0.042668129,0.739491576,0.003403718,0.116886961,0.773759215,0.059107649,0.120509481,0.288348543,0.901892212,0.136289407,0.4,0.381983693,0.734822326,0.340909091,0.422,0.025974026,0.622101449,0.129411765,-0.158893281
7.25,0.017369353,0.041086391,0.739604887,0.00346675,0.116255347,0.775105403,0.059100567,0.120101426,0.287456765,0.902335722,0.135094371,0.4,0.358946255,0.704490555,0.352272727,0.425,0.025974026,0.622101449,0.129411765,-0.158893281
7.2,0.016919823,0.039504653,0.739718199,0.003529782,0.115623732,0.77645159,0.059093484,0.119693371,0.286564987,0.902818049,0.126578661,0.4,0.364954187,0.684935118,0.363636364,0.428,0.032467532,0.711956522,0.129411765,-0.158893281
7.15,0.016470294,0.037922915,0.73983151,0.003592814,0.114992117,0.777797777,0.059086402,0.119285317,0.285673208,0.903321948,0.124499649,0.4,0.374628287,0.676886949,0.375,0.431,0.032467532,0.711956522,0.129411765,-0.158893281
7.1,0.016020765,0.036341177,0.739944822,0.003655845,0.114360503,0.779143965,0.05907932,0.118877262,0.28478143,0.903873028,0.123532261,0.4,0.363487838,0.661155773,0.386363636,0.434,0.032467532,0.711956522,0.129411765,-0.158893281
7.05,0.015571236,0.034759439,0.740058134,0.003718877,0.113728888,0.780490152,0.059072238,0.118469208,0.283889652,0.904424109,0.122564873,0.4,0.352347388,0.645424598,0.397727273,0.437,0.032467532,0.711956522,0.129411765,-0.158893281
7,0.015121706,0.033177701,0.740171445,0.003781909,0.113097273,0.781836339,0.059065156,0.118061153,0.282997873,0.904975189,0.121597485,0.4,0.341206938,0.629693422,0.409090909,0.44,0.028138528,0.747909699,0.282352941,-0.282971014
6.95,0.015121706,0.033177701,0.738397872,0.003844941,0.109799222,0.78758447,0.059058074,0.11743,0.282089188,0.905577193,0.118699535,0.4,0.360629357,0.679680377,0.397727273,0.4395,0.028138528,0.747909699,0.282352941,-0.282971014
6.9,0.015121706,0.033177701,0.736624298,0.003907973,0.10650117,0.7933326,0.059050992,0.116798848,0.281180503,0.906206348,0.119670036,0.4,0.353409426,0.672519628,0.386363636,0.439,0.028138528,0.747909699,0.282352941,-0.282971014
6.85,0.015121706,0.033177701,0.734850724,0.003971005,0.103203118,0.79908073,0.059043909,0.116167695,0.280271818,0.906892577,0.117431379,0.4,0.323482347,0.662980896,0.375,0.4385,0.028138528,0.747909699,0.282352941,-0.282971014
6.8,0.015121706,0.033177701,0.73307715,0.004034036,0.099905067,0.804828861,0.059036827,0.115536542,0.279363133,0.907578806,0.115192721,0.4,0.293555267,0.653442164,0.363636364,0.438,0.028138528,0.747909699,0.282352941,-0.282971014
6.75,0.015121706,0.033177701,0.731303577,0.004097068,0.096607015,0.810576991,0.059029745,0.114905389,0.278454448,0.908265035,0.112954063,0.4,0.263628188,0.643903432,0.352272727,0.4375,0.028138528,0.747909699,0.282352941,-0.282971014
6.7,0.015121706,0.033177701,0.729530003,0.0041601,0.093308963,0.816325121,0.059022663,0.114274237,0.277545762,0.909010556,0.114942471,0.4,0.279894283,0.660886724,0.340909091,0.437,0.028138528,0.747909699,0.282352941,-0.282971014
6.65,0.015121706,0.033177701,0.727756429,0.004223132,0.090010912,0.822073252,0.059015581,0.113643084,0.276637077,0.909786513,0.115310679,0.4,0.303802055,0.67743309,0.329545455,0.4365,0.028138528,0.747909699,0.282352941,-0.282971014
6.6,0.015121706,0.033177701,0.725982855,0.004286164,0.08671286,0.827821382,0.059008499,0.113011931,0.275728392,0.910623931,0.116010212,0.4,0.320124554,0.67452208,0.318181818,0.436,0.03030303,0.731055901,0.282352941,-0.282971014
6.55,0.015121706,0.033177701,0.724209282,0.004349195,0.083414808,0.833569513,0.059001416,0.112380778,0.274819707,0.911461349,0.116709746,0.4,0.336447053,0.67161107,0.306818182,0.4355,0.03030303,0.731055901,0.282352941,-0.282971014
6.5,0.015121706,0.033177701,0.722435708,0.004412227,0.080116757,0.839317643,0.058994334,0.111749626,0.273911022,0.912298767,0.117409279,0.4,0.352769552,0.66870006,0.295454545,0.435,0.023809524,0.786166008,0.282352941,-0.282971014
6.45,0.015121706,0.033177701,0.720662134,0.004475259,0.076818705,0.845065773,0.058987252,0.111118473,0.273002337,0.913197368,0.118292082,0.4,0.339375794,0.665244495,0.284090909,0.4345,0.023809524,0.786166008,0.282352941,-0.282971014
6.4,0.015121706,0.033177701,0.71888856,0.004538291,0.073520653,0.850813904,0.05898017,0.11048732,0.272093652,0.914125943,0.12104587,0.4,0.313299198,0.652106126,0.272727273,0.434,0.03030303,0.728804348,0.282352941,-0.282971014
6.35,0.015121706,0.033177701,0.717114987,0.004601323,0.070222602,0.856562034,0.058973088,0.109856167,0.271184967,0.915111777,0.123727434,0.4,0.292796783,0.631668599,0.261363636,0.4335,0.03030303,0.728804348,0.282352941,-0.282971014
6.3,0.015121706,0.033177701,0.715341413,0.004664355,0.06692455,0.862310164,0.058966006,0.109225015,0.270276282,0.91609761,0.126408997,0.4,0.272294368,0.611231072,0.25,0.433,0.021645022,0.828586957,0.282352941,-0.282971014
6.25,0.015121706,0.033177701,0.713567839,0.004727386,0.063626498,0.868058295,0.058958924,0.108593862,0.269367596,0.917083444,0.129090561,0.4,0.251791953,0.590793545,0.238636364,0.4325,0.021645022,0.828586957,0.282352941,-0.282971014
6.2,0.015121706,0.033177701,0.711794265,0.004790418,0.060328447,0.873806425,0.058951841,0.107962709,0.268458911,0.918122622,0.127923087,0.4,0.240317704,0.559486185,0.227272727,0.432,0.021645022,0.828586957,0.282352941,-0.282971014
6.15,0.015121706,0.033177701,0.710020692,0.00485345,0.057030395,0.879554555,0.058944759,0.107331557,0.267550226,0.919185848,0.126666343,0.4,0.231574882,0.533254417,0.215909091,0.4315,0.021645022,0.828586957,0.282352941,-0.282971014
6.1,0.015121706,0.033177701,0.708247118,0.004916482,0.053732343,0.885302686,0.058937677,0.106700404,0.266641541,0.920289942,0.128338933,0.4,0.235380974,0.526153139,0.204545455,0.431,0.021645022,0.828586957,0.282352941,-0.282971014
6.05,0.015121706,0.033177701,0.706473544,0.004979514,0.050434292,0.891050816,0.058930595,0.106069251,0.265732856,0.921394036,0.130011523,0.4,0.239187065,0.519051861,0.193181818,0.4305,0.021645022,0.828586957,0.282352941,-0.282971014
6,0.015121706,0.033177701,0.70469997,0.005042545,0.04713624,0.896798947,0.058923513,0.105438098,0.264824171,0.92249813,0.131684113,0.4,0.242993156,0.511950583,0.181818182,0.43,0.021645022,0.828586957,0.294117647,-0.339130435
5.95,0.016301235,0.041085945,0.712789437,0.005105577,0.047013672,0.897379712,0.058916431,0.104713439,0.263896471,0.923634227,0.133872533,0.4,0.258388726,0.519864553,0.175,0.428,0.021645022,0.828586957,0.294117647,-0.339130435
5.9,0.017480764,0.048994189,0.720878904,0.005168609,0.046891105,0.897960477,0.058909348,0.103988779,0.262968771,0.924781011,0.13604809,0.4,0.278523289,0.546676629,0.168181818,0.426,0.021645022,0.828586957,0.294117647,-0.339130435
5.85,0.018660293,0.056902433,0.728968371,0.005231641,0.046768537,0.898541243,0.058902266,0.103264119,0.26204107,0.925935969,0.135185433,0.4,0.300755064,0.586568498,0.161363636,0.424,0.021645022,0.828586957,0.294117647,-0.339130435
5.8,0.019839822,0.064810678,0.737057838,0.005294673,0.046645969,0.899122008,0.058895184,0.102539459,0.26111337,0.927090927,0.134322776,0.4,0.322986839,0.626460366,0.154545455,0.422,0.021645022,0.828586957,0.294117647,-0.339130435
5.75,0.021019351,0.072718922,0.745147305,0.005357705,0.046523401,0.899702774,0.058888102,0.101814799,0.26018567,0.928245884,0.133460119,0.4,0.345218614,0.666352234,0.147727273,0.42,0.021645022,0.828586957,0.294117647,-0.339130435
5.7,0.02219888,0.080627166,0.753236772,0.005420736,0.046400833,0.900283539,0.05888102,0.10109014,0.25925797,0.929393712,0.132069235,0.4,0.380512538,0.701862917,0.140909091,0.418,0.021645022,0.828586957,0.294117647,-0.339130435
5.65,0.023378409,0.08853541,0.761326239,0.005483768,0.046278265,0.900864305,0.058873938,0.10036548,0.25833027,0.930529201,0.134416184,0.4,0.422131371,0.733676983,0.134090909,0.416,0.021645022,0.828586957,0.294117647,-0.339130435
5.6,0.024557938,0.096443654,0.769415706,0.0055468,0.046155698,0.90144507,0.058866856,0.09964082,0.25740257,0.931619232,0.136676437,0.4,0.454998241,0.739504847,0.127272727,0.414,0.021645022,0.828586957,0.294117647,-0.339130435
5.55,0.025737467,0.104351898,0.777505173,0.005609832,0.04603313,0.902025836,0.058859773,0.09891616,0.25647487,0.932709263,0.138936689,0.4,0.48786511,0.745332711,0.120454545,0.412,0.021645022,0.828586957,0.294117647,-0.339130435
5.5,0.026916996,0.112260142,0.78559464,0.005672864,0.045910562,0.902606601,0.058852691,0.0981915,0.25554717,0.933799294,0.141196942,0.4,0.52073198,0.751160575,0.113636364,0.41,0.023809524,0.836857708,0.294117647,-0.339130435
5.45,0.028096525,0.120168386,0.793684107,0.005735895,0.045787994,0.903187367,0.058845609,0.097466841,0.254619469,0.934820465,0.139355899,0.4,0.555269835,0.749101967,0.106818182,0.408,0.023809524,0.836857708,0.294117647,-0.339130435
5.4,0.029276054,0.12807663,0.801773574,0.005798927,0.045665426,0.903768132,0.058838527,0.096742181,0.253691769,0.935665781,0.137047235,0.4,0.586313447,0.716868097,0.1,0.406,0.023809524,0.836857708,0.294117647,-0.339130435
5.35,0.030455583,0.135984874,0.809863041,0.005861959,0.045542858,0.904348897,0.058831445,0.096017521,0.252764069,0.936420359,0.135072928,0.4,0.582763621,0.741404043,0.093181818,0.404,0.023809524,0.836857708,0.294117647,-0.339130435
5.3,0.031635112,0.143893118,0.817952508,0.005924991,0.045420291,0.904929663,0.058824363,0.095292861,0.251836369,0.937174938,0.133098621,0.4,0.579213795,0.76593999,0.086363636,0.402,0.023809524,0.836857708,0.294117647,-0.339130435
5.25,0.032814641,0.151801362,0.826041975,0.005988023,0.045297723,0.905510428,0.05881728,0.094568202,0.250908669,0.937929516,0.131124315,0.4,0.575663969,0.790475936,0.079545455,0.4,0.023809524,0.836857708,0.294117647,-0.339130435
5.2,0.03399417,0.159709606,0.834131442,0.006051055,0.045175155,0.906091194,0.058810198,0.093843542,0.249980969,0.93865176,0.131189421,0.4,0.571643767,0.814812188,0.072727273,0.398,0.023809524,0.836857708,0.294117647,-0.339130435
5.15,0.035173699,0.16761785,0.842220908,0.006114086,0.045052587,0.906671959,0.058803116,0.093118882,0.249053269,0.939331519,0.133105851,0.4,0.572211431,0.807401921,0.065909091,0.396,0.023809524,0.836857708,0.294117647,-0.339130435
5.1,0.036353227,0.175526094,0.850310375,0.006177118,0.044930019,0.907252725,0.058796034,0.092394222,0.248125569,0.939982954,0.132551136,0.4,0.573581491,0.799726196,0.059090909,0.394,0.023809524,0.836857708,0.294117647,-0.339130435
5.05,0.037532756,0.183434338,0.858399842,0.00624015,0.044807452,0.90783349,0.058788952,0.091669562,0.247197868,0.94063439,0.131996422,0.4,0.574951552,0.792050471,0.052272727,0.392,0.023809524,0.836857708,0.294117647,-0.339130435
5,0.038712285,0.191342582,0.866489309,0.006303182,0.044684884,0.908414256,0.05878187,0.090944903,0.246270168,0.941285826,0.131441707,0.4,0.576321612,0.784374746,0.045454545,0.39,0.025974026,0.812318841,0.282352941,-0.385869565
4.95,0.038712285,0.191342582,0.864691103,0.006366214,0.047246154,0.90434562,0.058774788,0.090155094,0.245322215,0.941880615,0.127804166,0.396,0.609507495,0.844010296,0.059090909,0.3895,0.025974026,0.812318841,0.282352941,-0.385869565
4.9,0.038712285,0.191342582,0.862892896,0.006429245,0.049807423,0.900276984,0.058767705,0.089365285,0.244374263,0.942475404,0.12600981,0.392,0.63001148,0.870641614,0.072727273,0.389,0.025974026,0.812318841,0.282352941,-0.385869565
4.85,0.038712285,0.191342582,0.861094689,0.006492277,0.052368693,0.896208349,0.058760623,0.088575476,0.24342631,0.943013546,0.129759931,0.388,0.642057576,0.875543347,0.086363636,0.3885,0.025974026,0.812318841,0.282352941,-0.385869565
4.8,0.038712285,0.191342582,0.859296482,0.006555309,0.054929963,0.892139713,0.058753541,0.087785667,0.242478357,0.943551689,0.133510051,0.384,0.654103671,0.88044508,0.1,0.388,0.025974026,0.812318841,0.282352941,-0.385869565
4.75,0.038712285,0.191342582,0.857498276,0.006618341,0.057491233,0.888071077,0.058746459,0.086995858,0.241530404,0.944089831,0.137260172,0.38,0.666149766,0.885346814,0.113636364,0.3875,0.025974026,0.812318841,0.282352941,-0.385869565
4.7,0.038712285,0.191342582,0.855700069,0.006681373,0.060052503,0.884002442,0.058739377,0.086206049,0.240582451,0.94459965,0.139156256,0.376,0.668684736,0.849804577,0.127272727,0.387,0.025974026,0.812318841,0.282352941,-0.385869565
4.65,0.038712285,0.191342582,0.853901862,0.006744405,0.062613772,0.879933806,0.058732295,0.08541624,0.239634498,0.944982015,0.139196948,0.372,0.660252778,0.818690527,0.140909091,0.3865,0.025974026,0.812318841,0.282352941,-0.385869565
4.6,0.038712285,0.191342582,0.852103656,0.006807436,0.065175042,0.87586517,0.058725212,0.084626431,0.238686545,0.945343137,0.136456584,0.368,0.655518932,0.804020211,0.154545455,0.386,0.025974026,0.812318841,0.282352941,-0.385869565
4.55,0.038712285,0.191342582,0.850305449,0.006870468,0.067736312,0.871796535,0.05871813,0.083836622,0.237738592,0.945704258,0.133716221,0.364,0.650785085,0.789349895,0.168181818,0.3855,0.025974026,0.812318841,0.282352941,-0.385869565
4.5,0.038712285,0.191342582,0.848507242,0.0069335,0.070297582,0.867727899,0.058711048,0.083046812,0.23679064,0.946001653,0.137443283,0.36,0.658678848,0.773606384,0.181818182,0.385,0.028138528,0.786538462,0.282352941,-0.385869565
4.45,0.038712285,0.191342582,0.846709035,0.006996532,0.072858852,0.863659263,0.058703966,0.082257003,0.235842687,0.946299048,0.141170345,0.356,0.66693833,0.777006194,0.195454545,0.3845,0.028138528,0.786538462,0.282352941,-0.385869565
4.4,0.038712285,0.191342582,0.844910829,0.007059564,0.075420121,0.859590628,0.058696884,0.081467194,0.234894734,0.946596442,0.144897408,0.352,0.623385157,0.764400877,0.209090909,0.384,0.028138528,0.786538462,0.282352941,-0.385869565
4.35,0.038712285,0.191342582,0.843112622,0.007122595,0.077981391,0.855521992,0.058689802,0.080677385,0.233946781,0.946851352,0.146773146,0.348,0.668951711,0.801629521,0.222727273,0.3835,0.028138528,0.786538462,0.282352941,-0.385869565
4.3,0.038712285,0.191342582,0.841314415,0.007185627,0.080542661,0.851453356,0.05868272,0.079887576,0.232998828,0.947063776,0.143094914,0.344,0.714518265,0.838858166,0.236363636,0.383,0.028138528,0.786538462,0.282352941,-0.385869565
4.25,0.038712285,0.191342582,0.839516208,0.007248659,0.083103931,0.847384721,0.058675637,0.079097767,0.232050875,0.947212474,0.139410577,0.34,0.708312191,0.813649284,0.25,0.3825,0.028138528,0.786538462,0.282352941,-0.385869565
4.2,0.038712285,0.191342582,0.837718002,0.007311691,0.085665201,0.843316085,0.058668555,0.078307958,0.231102922,0.947361171,0.135726241,0.336,0.699352592,0.807042946,0.263636364,0.382,0.028138528,0.786538462,0.282352941,-0.385869565
4.15,0.038712285,0.191342582,0.835919795,0.007374723,0.088226471,0.839247449,0.058661473,0.077518149,0.230154969,0.947478004,0.137123889,0.332,0.689175013,0.791023806,0.277272727,0.3815,0.028138528,0.786538462,0.282352941,-0.385869565
4.1,0.038712285,0.191342582,0.834121588,0.007437755,0.09078774,0.835178814,0.058654391,0.07672834,0.229207017,0.947594838,0.138521537,0.328,0.670662179,0.770607291,0.290909091,0.381,0.028138528,0.786538462,0.282352941,-0.385869565
4.05,0.038712285,0.191342582,0.832323382,0.007500786,0.09334901,0.831110178,0.058647309,0.075938531,0.228259064,0.947711671,0.139919186,0.324,0.652149345,0.750190777,0.304545455,0.3805,0.028138528,0.786538462,0.282352941,-0.385869565
4,0.038712285,0.191342582,0.830525175,0.007563818,0.09591028,0.827041542,0.058640227,0.075148722,0.227311111,0.947828505,0.141316834,0.32,0.623705035,0.683929106,0.318181818,0.38,0.028138528,0.786538462,0.258823529,-0.438735178
3.95,0.038988475,0.189293502,0.834673367,0.00762685,0.093056165,0.83193771,0.058633144,0.074270107,0.226342514,0.947977202,0.137632498,0.316,0.596419327,0.632742991,0.313636364,0.38,0.028138528,0.786538462,0.258823529,-0.438735178
3.9,0.039264664,0.187244422,0.838821559,0.007689882,0.090202049,0.836833878,0.058626062,0.073391492,0.225373917,0.9481259,0.133948161,0.312,0.575159824,0.570735991,0.309090909,0.38,0.028138528,0.786538462,0.258823529,-0.438735178
3.85,0.039540853,0.185195343,0.842969751,0.007752914,0.087347934,0.841730046,0.05861898,0.072512877,0.22440532,0.948295839,0.128414536,0.308,0.553900321,0.508728991,0.304545455,0.38,0.028138528,0.786538462,0.258823529,-0.438735178
3.8,0.039817042,0.183146263,0.847117943,0.007815945,0.084493819,0.846626214,0.058611898,0.071634262,0.223436722,0.948451617,0.126580845,0.304,0.527120359,0.483445613,0.3,0.38,0.028138528,0.786538462,0.258823529,-0.438735178
3.75,0.040093231,0.181097183,0.851266135,0.007878977,0.081639703,0.851522382,0.058604816,0.070755647,0.222468125,0.948607395,0.124747154,0.3,0.500340397,0.458162236,0.295454545,0.38,0.028138528,0.786538462,0.258823529,-0.438735178
3.7,0.04036942,0.179048103,0.855414327,0.007942009,0.078785588,0.85641855,0.058597734,0.069877032,0.221499528,0.948763174,0.122913463,0.296,0.453456384,0.401887089,0.290909091,0.38,0.028138528,0.786538462,0.258823529,-0.438735178
3.65,0.04064561,0.176999023,0.859562518,0.008005041,0.075931473,0.861314718,0.058590652,0.068998416,0.220530931,0.948930989,0.121078416,0.292,0.427387229,0.35312616,0.286363636,0.38,0.028138528,0.786538462,0.258823529,-0.438735178
3.6,0.040921799,0.174949944,0.86371071,0.008068073,0.073077357,0.866210886,0.058583569,0.068119801,0.219562334,0.949098804,0.119243369,0.288,0.401318075,0.304365231,0.281818182,0.38,0.028138528,0.786538462,0.258823529,-0.438735178
3.55,0.041197988,0.172900864,0.867858902,0.008131105,0.070223242,0.871107054,0.058576487,0.067241186,0.218593737,0.949249626,0.115561067,0.284,0.412560551,0.332266354,0.277272727,0.38,0.028138528,0.786538462,0.258823529,-0.438735178
3.5,0.041474177,0.170851784,0.872007094,0.008194136,0.067369127,0.876003222,0.058569405,0.066362571,0.21762514,0.949400447,0.111878765,0.28,0.423803028,0.360167478,0.272727273,0.38,0.028138528,0.786538462,0.258823529,-0.438735178
3.45,0.041750366,0.168802704,0.876155286,0.008257168,0.064515011,0.88089939,0.058562323,0.065483956,0.216656543,0.949617687,0.109433853,0.276,0.442891465,0.396566417,0.268181818,0.38,0.028138528,0.786538462,0.258823529,-0.438735178
3.4,0.042026556,0.166753624,0.880303478,0.0083202,0.061660896,0.885795558,0.058555241,0.064605341,0.215687946,0.949834927,0.106988941,0.272,0.456306356,0.404028664,0.263636364,0.38,0.028138528,0.786538462,0.258823529,-0.438735178
3.35,0.042302745,0.164704545,0.88445167,0.008383232,0.058806781,0.890691726,0.058548159,0.063726726,0.214719349,0.950052166,0.104544029,0.268,0.469721247,0.41149091,0.259090909,0.38,0.028138528,0.786538462,0.258823529,-0.438735178
3.3,0.042578934,0.162655465,0.888599862,0.008446264,0.055952665,0.895587894,0.058541076,0.06284811,0.213750751,0.950286117,0.100867858,0.264,0.463083684,0.401141235,0.254545455,0.38,0.028138528,0.786538462,0.258823529,-0.438735178
3.25,0.042855123,0.160606385,0.892748054,0.008509295,0.05309855,0.900484062,0.058533994,0.061969495,0.212782154,0.950520067,0.097191687,0.26,0.456446121,0.390791559,0.25,0.38,0.028138528,0.786538462,0.258823529,-0.438735178
3.2,0.043131312,0.158557305,0.896896246,0.008572327,0.050244435,0.90538023,0.058526912,0.06109088,0.211813557,0.950754017,0.093515515,0.256,0.471006412,0.398043165,0.245454545,0.38,0.028138528,0.786538462,0.258823529,-0.438735178
3.15,0.043407502,0.156508225,0.901044438,0.008635359,0.047390319,0.910276398,0.05851983,0.060212265,0.21084496,0.951008927,0.089841352,0.252,0.467445335,0.381960158,0.240909091,0.38,0.028138528,0.786538462,0.258823529,-0.438735178
3.1,0.043683691,0.154459145,0.90519263,0.008698391,0.044536204,0.915172566,0.058512748,0.05933365,0.209876363,0.951263837,0.086167188,0.248,0.463884257,0.365877152,0.236363636,0.38,0.028138528,0.786538462,0.258823529,-0.438735178
3.05,0.04395988,0.152410066,0.909340822,0.008761423,0.041682089,0.920068734,0.058505666,0.058455035,0.208907766,0.951547777,0.082495805,0.244,0.454298227,0.393297946,0.231818182,0.38,0.028138528,0.786538462,0.258823529,-0.438735178
3,0.044236069,0.150360986,0.913489014,0.008824455,0.038827973,0.924964902,0.058498584,0.057576419,0.207939169,0.951831718,0.078824422,0.24,0.444712197,0.42071874,0.227272727,0.38,0.025974026,0.768025362,0.247058824,-0.166045549
2.95,0.044236069,0.150360986,0.911661247,0.008887486,0.037238743,0.927920058,0.058491501,0.056621773,0.20694719,0.952115659,0.075153039,0.236,0.439678254,0.424129191,0.222727273,0.3815,0.025974026,0.768025362,0.247058824,-0.166045549
2.9,0.044236069,0.150360986,0.909833481,0.008950518,0.035649512,0.930875213,0.058484419,0.055667126,0.205955212,0.952396825,0.079988528,0.232,0.464850752,0.419268295,0.218181818,0.383,0.025974026,0.768025362,0.247058824,-0.166045549
2.85,0.044236069,0.150360986,0.908005715,0.00901355,0.034060282,0.933830369,0.058477337,0.054712479,0.204963234,0.95267799,0.084824016,0.228,0.490023249,0.414407399,0.213636364,0.3845,0.025974026,0.768025362,0.247058824,-0.166045549
2.8,0.044236069,0.150360986,0.906177949,0.009076582,0.032471051,0.936785524,0.058470255,0.053757832,0.203971255,0.952959155,0.089659504,0.224,0.481277366,0.407593156,0.209090909,0.386,0.025974026,0.768025362,0.247058824,-0.166045549
2.75,0.044236069,0.150360986,0.904350182,0.009139614,0.030881821,0.93974068,0.058463173,0.052803185,0.202979277,0.95324032,0.094494993,0.22,0.472531482,0.400778913,0.204545455,0.3875,0.025974026,0.768025362,0.247058824,-0.166045549
2.7,0.044236069,0.150360986,0.902522416,0.009202645,0.029292591,0.942695835,0.058456091,0.051848538,0.201987298,0.953521486,0.099330481,0.216,0.473842124,0.386083065,0.2,0.389,0.025974026,0.768025362,0.247058824,-0.166045549
2.65,0.044236069,0.150360986,0.90069465,0.009265677,0.02770336,0.94565099,0.058449008,0.050893891,0.20099532,0.954010062,0.101224531,0.212,0.457651201,0.379958945,0.195454545,0.3905,0.025974026,0.768025362,0.247058824,-0.166045549
2.6,0.044236069,0.150360986,0.898866883,0.009328709,0.02611413,0.948606146,0.058441926,0.049939244,0.200003341,0.954498639,0.10311858,0.208,0.441460278,0.373834825,0.190909091,0.392,0.025974026,0.768025362,0.247058824,-0.166045549
2.55,0.044236069,0.150360986,0.897039117,0.009391741,0.024524899,0.951561301,0.058434844,0.048984597,0.199011363,0.955050943,0.105022803,0.204,0.45531003,0.366013211,0.186363636,0.3935,0.025974026,0.768025362,0.247058824,-0.166045549
2.5,0.044236069,0.150360986,0.895211351,0.009454773,0.022935669,0.954516457,0.058427762,0.04802995,0.198019384,0.955603247,0.106927025,0.2,0.469159781,0.358191597,0.181818182,0.395,0.025974026,0.768025362,0.247058824,-0.166045549
2.45,0.044236069,0.150360986,0.893383585,0.009517805,0.021346438,0.957471612,0.05842068,0.047075303,0.197027406,0.956240521,0.112533895,0.196,0.462230933,0.337137138,0.177272727,0.3965,0.025974026,0.768025362,0.247058824,-0.166045549
2.4,0.044236069,0.150360986,0.891555818,0.009580836,0.019757208,0.960426768,0.058413598,0.046120656,0.196035428,0.956877795,0.116293511,0.192,0.467302006,0.351700793,0.172727273,0.398,0.025974026,0.768025362,0.247058824,-0.166045549
2.35,0.044236069,0.150360986,0.889728052,0.009643868,0.018167977,0.963381923,0.058406516,0.045166009,0.195043449,0.957515069,0.120053126,0.188,0.472373078,0.366264447,0.168181818,0.3995,0.025974026,0.768025362,0.247058824,-0.166045549
2.3,0.044236069,0.150360986,0.887900286,0.0097069,0.016578747,0.966337079,0.058399433,0.044211362,0.194051471,0.958194828,0.118268943,0.184,0.459454978,0.355931379,0.163636364,0.401,0.025974026,0.768025362,0.247058824,-0.166045549
2.25,0.044236069,0.150360986,0.886072519,0.009769932,0.014989517,0.969292234,0.058392351,0.043256715,0.193059492,0.958874587,0.11648476,0.18,0.446536878,0.345598311,0.159090909,0.4025,0.023809524,0.771047431,0.247058824,-0.166045549
2.2,0.044236069,0.150360986,0.884244753,0.009832964,0.013400286,0.972247389,0.058385269,0.042302068,0.192067514,0.959596831,0.114706681,0.176,0.428324426,0.314764286,0.154545455,0.404,0.023809524,0.771047431,0.247058824,-0.166045549
2.15,0.044236069,0.150360986,0.882416987,0.009895995,0.011811056,0.975202545,0.058378187,0.041347421,0.191075535,0.96036156,0.112928601,0.172,0.336646173,0.194216072,0.15,0.4055,0.017316017,0.658423913,0.247058824,-0.166045549
2.1,0.044236069,0.150360986,0.880589221,0.009959027,0.010221825,0.9781577,0.058371105,0.040392774,0.190083557,0.961126288,0.118547679,0.168,0.37562778,0.209031451,0.145454545,0.407,0.017316017,0.658423913,0.247058824,-0.166045549
2.05,0.044236069,0.150360986,0.878761454,0.010022059,0.008632595,0.981112856,0.058364023,0.039438127,0.189091579,0.961848532,0.124166756,0.164,0.389434229,0.236226985,0.140909091,0.4085,0.017316017,0.658423913,0.247058824,-0.166045549
2,0.044236069,0.150360986,0.876933688,0.010085091,0.007043364,0.984068011,0.058356941,0.03848348,0.1880996,0.962570776,0.129785833,0.16,0.403240678,0.26342252,0.136363636,0.41,0.017316017,0.658423913,0.247058824,-0.166045549
1.95,0.042133487,0.149896543,0.880195093,0.010148123,0.006691196,0.984864611,0.058349858,0.037489895,0.187101172,0.963250535,0.128000972,0.156,0.410259742,0.295930613,0.140909091,0.4085,0.025974026,0.633514493,0.105882353,0.355555556
1.9,0.040030905,0.149432099,0.883456498,0.010211155,0.006339028,0.98566121,0.058342776,0.036496309,0.186102744,0.963930294,0.126216111,0.152,0.417278806,0.328438705,0.145454545,0.407,0.025974026,0.633514493,0.105882353,0.355555556
1.85,0.037928322,0.148967656,0.886717903,0.010274186,0.00598686,0.98645781,0.058335694,0.035502724,0.185104316,0.964610053,0.12443125,0.148,0.42429787,0.360946798,0.15,0.4055,0.025974026,0.633514493,0.105882353,0.355555556
1.8,0.03582574,0.148503213,0.889979308,0.010337218,0.005634692,0.987254409,0.058328612,0.034509138,0.184105888,0.965204842,0.118938315,0.144,0.421263854,0.375123688,0.154545455,0.404,0.025974026,0.633514493,0.105882353,0.355555556
1.75,0.033723158,0.14803877,0.893240713,0.01040025,0.005282523,0.988051008,0.05832153,0.033515553,0.18310746,0.965757146,0.115296705,0.14,0.455380131,0.416629411,0.159090909,0.4025,0.034632035,0.522961957,0.105882353,0.355555556
1.7,0.031620575,0.147574327,0.896502118,0.010463282,0.004930355,0.988847608,0.058314448,0.032521967,0.182109032,0.966451066,0.119677497,0.136,0.441224728,0.412031845,0.163636364,0.401,0.034632035,0.522961957,0.105882353,0.355555556
1.65,0.029517993,0.147109883,0.899763523,0.010526314,0.004578187,0.989644207,0.058307365,0.031528382,0.181110604,0.967144987,0.12405829,0.132,0.427069324,0.407434279,0.168181818,0.3995,0.034632035,0.522961957,0.105882353,0.355555556
1.6,0.027415411,0.14664544,0.903024929,0.010589345,0.004226019,0.990440807,0.058300283,0.030534797,0.180112176,0.967838907,0.128439082,0.128,0.412913921,0.402836712,0.172727273,0.398,0.034632035,0.522961957,0.105882353,0.355555556
1.55,0.025312829,0.146180997,0.906286334,0.010652377,0.00387385,0.991237406,0.058293201,0.029541211,0.179113748,0.968731091,0.134074436,0.124,0.355079376,0.377543675,0.177272727,0.3965,0.032467532,0.523695652,0.105882353,0.355555556
1.5,0.023210246,0.145716554,0.909547739,0.010715409,0.003521682,0.992034006,0.058286119,0.028547626,0.17811532,0.969793214,0.134176164,0.12,0.329533191,0.367966929,0.181818182,0.395,0.032467532,0.523695652,0.105882353,0.355555556
1.45,0.021107664,0.14525211,0.912809144,0.010778441,0.003169514,0.992830605,0.058279037,0.02755404,0.177116892,0.971195217,0.130611867,0.116,0.389895315,0.359146792,0.186363636,0.3935,0.056277056,0.570526756,0.105882353,0.355555556
1.4,0.019005082,0.144787667,0.916070549,0.010841473,0.002817346,0.993627205,0.058271955,0.026560455,0.176118464,0.97259722,0.12704757,0.112,0.450257438,0.350326656,0.190909091,0.392,0.056277056,0.570526756,0.105882353,0.355555556
1.35,0.016902499,0.144323224,0.919331954,0.010904505,0.002465178,0.994423804,0.058264873,0.025566869,0.175120036,0.973999222,0.123483273,0.108,0.510619562,0.341506519,0.195454545,0.3905,0.054112554,0.589391304,0.105882353,0.355555556
1.3,0.014799917,0.143858781,0.922593359,0.010967536,0.002113009,0.995220403,0.05825779,0.024573284,0.174121608,0.97561365,0.125485155,0.104,0.410937465,0.364275536,0.2,0.389,0.054112554,0.589391304,0.105882353,0.355555556
1.25,0.012697335,0.143394337,0.925854764,0.011030568,0.001760841,0.996017003,0.058250708,0.023579699,0.17312318,0.977228077,0.125643851,0.1,0.356884542,0.319960266,0.204545455,0.3875,0.062770563,0.583208396,0.105882353,0.355555556
1.2,0.010594753,0.142929894,0.929116169,0.0110936,0.001408673,0.996813602,0.058243626,0.022586113,0.172124752,0.978743373,0.109143346,0.096,0.404924224,0.341706871,0.209090909,0.386,0.088744589,0.624602333,0.105882353,0.355555556
1.15,0.00849217,0.142465451,0.932377574,0.011156632,0.001056505,0.997610202,0.058236544,0.021592528,0.171126324,0.980258669,0.092642841,0.092,0.452963907,0.363453476,0.213636364,0.3845,0.140692641,0.655785953,0.105882353,0.355555556
1.1,0.006389588,0.142001008,0.935638979,0.011219664,0.000704336,0.998406801,0.058229462,0.020598942,0.170127897,0.981773965,0.076142336,0.088,0.50100359,0.38520008,0.218181818,0.383,0.205627706,0.66389016,0.105882353,0.355555556
1.05,0.004287006,0.141536565,0.938900384,0.011282695,0.000352168,0.999203401,0.05822238,0.019605357,0.169129469,0.983048513,0.053892284,0.084,0.570977248,0.371597824,0.222727273,0.3815,0.253246753,0.670605723,0.105882353,0.355555556
1,0.002184423,0.141072121,0.942161789,0.011345727,0,1,0.058215297,0.018611771,0.168131041,0.984238091,0.031999474,0.08,0.547637862,0.252742979,0.227272727,0.38,0.261904762,0.671433705,0.105882353,0.355555556
0.95,0.002184423,0.141072121,0.94030939,0.011408759,0.001383845,0.997702977,0.058208215,0.017681183,0.167130194,0.985342699,0.03117961,0.076,0.535516697,0.211382097,0.222727273,0.3795,0.274891775,0.673262581,0.082352941,0.634782609
0.9,0.002184423,0.141072121,0.938456991,0.011471791,0.00276769,0.995405954,0.058201133,0.016750594,0.166129347,0.986447307,0.030359745,0.072,0.523395532,0.170021215,0.218181818,0.379,0.283549784,0.666229671,0.082352941,0.634782609
0.85,0.002184423,0.141072121,0.936604592,0.011534823,0.004151535,0.993108931,0.058194051,0.015820006,0.165128501,0.987445703,0.031378997,0.068,0.399983183,0.130235087,0.213636364,0.3785,0.283549784,0.666229671,0.082352941,0.634782609
0.8,0.002184423,0.141072121,0.934752192,0.011597855,0.005535381,0.990811908,0.058186969,0.014889417,0.164127654,0.988444099,0.032398249,0.064,0.276570835,0.090448959,0.209090909,0.378,0.287878788,0.662095456,0.082352941,0.634782609
0.75,0.002184423,0.141072121,0.932899793,0.011660886,0.006919226,0.988514885,0.058179887,0.013958829,0.163126807,0.989336282,0.03248777,0.06,0.368927155,0.108617532,0.204545455,0.3775,0.305194805,0.660453284,0.082352941,0.634782609
0.7,0.002184423,0.141072121,0.931047394,0.011723918,0.008303071,0.986217862,0.058172805,0.01302824,0.162125961,0.990207223,0.033494815,0.056,0.454511792,0.163882804,0.2,0.377,0.305194805,0.660453284,0.082352941,0.634782609
0.65,0.002184423,0.141072121,0.929194995,0.01178695,0.009686916,0.983920839,0.058165722,0.012097651,0.161125114,0.991078165,0.034501859,0.052,0.540096428,0.219148076,0.195454545,0.3765,0.305194805,0.660453284,0.082352941,0.634782609
0.6,0.002184423,0.141072121,0.927342595,0.011849982,0.011070761,0.981623817,0.05815864,0.011167063,0.160124267,0.991885378,0.0355028,0.048,0.524075804,0.201986915,0.190909091,0.376,0.30952381,0.657145029,0.082352941,0.634782609
0.55,0.002184423,0.141072121,0.925490196,0.011913014,0.012454606,0.979326794,0.058151558,0.010236474,0.159123421,0.992692592,0.036503741,0.044,0.508055181,0.184825753,0.186363636,0.3755,0.313852814,0.654317841,0.082352941,0.634782609
0.5,0.002184423,0.141072121,0.923637797,0.011976045,0.013838452,0.977029771,0.058144476,0.009305886,0.158122574,0.993414836,0.032874338,0.04,0.519974426,0.158331148,0.181818182,0.375,0.316017316,0.644267421,0.082352941,0.634782609
0.45,0.002184423,0.141072121,0.921785398,0.012039077,0.015222297,0.974732748,0.058137394,0.008375297,0.157121727,0.994094595,0.034790768,0.036,0.566230111,0.108318012,0.177272727,0.3745,0.333333333,0.621146245,0.082352941,0.634782609
0.4,0.002184423,0.141072121,0.919932998,0.012102109,0.016606142,0.972435725,0.058130312,0.007444709,0.156120881,0.994774354,0.036707198,0.032,0.658909046,0.069018516,0.172727273,0.374,0.333333333,0.621146245,0.082352941,0.634782609
0.35,0.002184423,0.141072121,0.918080599,0.012165141,0.017989987,0.970138702,0.058123229,0.00651412,0.155120034,0.995524921,0.038010589,0.028,0.628446836,0.084813744,0.168181818,0.3735,0.333333333,0.621146245,0.082352941,0.634782609
0.3,0.002184423,0.141072121,0.9162282,0.012228173,0.019373832,0.967841679,0.058116147,0.005583531,0.154119188,0.996275488,0.03931398,0.024,0.597984626,0.100608973,0.163636364,0.373,0.333333333,0.621146245,0.082352941,0.634782609
0.25,0.002184423,0.141072121,0.914375801,0.012291205,0.020757677,0.965544656,0.058109065,0.004652943,0.153118341,0.997026055,0.040617371,0.02,0.567522415,0.116404201,0.159090909,0.3725,0.333333333,0.621146245,0.082352941,0.634782609
0.2,0.002184423,0.141072121,0.912523401,0.012354236,0.022141522,0.963247633,0.058101983,0.003722354,0.152117494,0.998003208,0.04071503,0.016,0.586923357,0.117646483,0.154545455,0.372,0.333333333,0.621146245,0.082352941,0.634782609
0.15,0.002184423,0.141072121,0.910671002,0.012417268,0.023525368,0.96095061,0.058094901,0.002791766,0.151116648,0.998852907,0.044492957,0.012,0.531968209,0.073930212,0.15,0.3715,0.350649351,0.610493827,0.082352941,0.634782609
0.1,0.002184423,0.141072121,0.908818603,0.0124803,0.024909213,0.958653587,0.058087819,0.001861177,0.150115801,0.999702605,0.048270883,0.008,0.47701306,0.030213942,0.145454545,0.371,0.372294372,0.593541456,0.082352941,0.634782609
0.05,0.002184423,0.141072121,0.906966204,0.012543332,0.026293058,0.956356564,0.058080737,0.000930589,0.149114954,1,0.04090221,0.004,0.377562408,0.030358137,0.140909091,0.3705,0.372294372,0.593541456,0.082352941,0.634782609
0,0.002184423,0.141072121,0.905113804,0.012606364,0.027676903,0.954059541,0.058073654,0,0.148114108,1,0.04090221,0,,,0.136363636,0.37,0.372294372,0.596941355,0.082352941,0.634782609
